motion_variance,network_type,gps_accuracy_radius,rtt_ms,distance_from_home_cluster_km,route_continuity_score,speed_between_pings_kmh,claim_frequency_7d,days_since_registration,upi_changed_recently,simultaneous_claim_density_ratio,shared_device_flag,claim_timestamp_cluster_flag,trigger_confirmed,zone_overlap,emulator_flag,is_fraud,confidence_score
5.62,0,38.7,259.5,6.4,0.705,7.3,3,373,0,0.92,0,0,1,0.755,0,0,0.676
6.67,1,20.2,264.1,5.9,0.752,19.7,2,596,0,1.43,0,0,1,0.904,0,0,0.713
3.09,0,31.7,184.9,2.4,0.731,14.6,3,110,0,1.83,0,0,1,0.856,0,0,0.737
4.29,0,40.6,378.8,27.1,0.859,41.9,0,281,1,1.15,0,0,1,0.781,0,0,0.807
5.5,1,30.8,99.3,24.5,0.676,44.5,1,501,1,0.9,0,0,1,0.937,0,0,0.751
9.48,1,46.4,347.5,14.6,0.683,19.8,2,576,0,0.74,0,0,1,0.928,0,0,0.74
8.4,1,30.0,199.6,2.7,0.688,6.3,1,125,0,0.78,0,0,1,0.862,0,0,0.651
9.6,1,37.2,358.2,19.5,0.753,9.2,1,369,0,1.58,0,0,1,0.969,0,0,0.68
3.77,1,25.9,336.3,26.1,0.652,25.4,1,263,0,2.39,0,0,1,0.856,0,0,0.776
5.55,0,48.4,138.1,15.9,0.755,16.4,0,142,0,1.32,0,0,1,0.804,0,0,0.759
7.76,1,26.8,243.5,18.6,0.678,19.8,0,323,0,1.76,0,0,1,0.861,0,0,0.623
8.85,1,15.8,64.3,18.5,0.887,5.7,1,518,0,1.27,0,0,1,0.741,0,0,0.685
3.79,0,44.8,140.3,20.5,0.936,27.2,1,333,0,1.62,0,0,1,0.757,0,0,0.67
7.9,0,44.0,191.6,26.9,0.948,42.4,3,502,0,0.51,0,0,1,0.865,0,0,0.925
7.56,1,37.9,133.0,11.1,0.911,31.0,3,499,0,0.99,0,0,0,0.818,0,0,0.823
7.42,0,29.1,251.9,15.8,0.718,33.9,0,576,0,0.59,0,0,0,0.841,0,0,0.67
9.18,0,48.0,165.8,17.5,0.85,44.2,0,282,0,2.2,0,0,1,0.751,0,0,0.739
9.55,1,31.9,84.0,19.2,0.997,10.6,3,275,0,1.09,0,0,1,0.943,0,0,0.956
9.39,1,29.1,329.4,20.2,0.896,36.8,1,121,0,1.38,0,0,1,0.798,0,0,0.639
9.87,0,44.1,137.6,3.1,0.756,26.5,1,601,0,1.75,0,0,1,0.716,0,0,0.733
6.78,1,38.5,391.5,16.5,0.763,36.8,0,633,0,1.0,0,0,1,0.724,0,0,0.707
7.82,1,46.4,204.8,8.7,0.683,12.3,3,610,0,1.34,0,0,1,0.807,0,0,0.789
3.1,1,9.9,64.3,26.0,0.896,24.0,0,461,0,1.19,0,0,1,0.895,0,0,0.809
9.64,0,19.0,55.4,28.1,0.825,26.6,5,693,0,1.65,0,0,1,0.943,0,0,0.948
7.38,0,35.4,122.3,9.7,0.725,20.1,0,64,0,1.81,0,0,1,0.904,0,0,0.685
4.82,1,37.1,171.9,28.2,0.664,21.7,2,221,0,1.96,0,0,1,0.775,0,0,0.745
9.07,1,18.0,287.9,22.7,0.733,20.1,1,371,0,0.7,0,0,1,0.988,0,0,0.812
5.48,0,36.4,218.9,15.8,0.679,8.7,2,594,0,2.08,0,0,1,0.848,0,0,0.614
6.85,1,45.3,172.8,5.3,0.7,35.5,1,548,0,0.95,0,0,1,0.968,0,0,0.637
6.59,1,32.4,352.1,26.7,0.733,41.3,1,281,0,2.05,0,0,1,0.827,0,0,0.827
3.78,1,8.5,214.0,3.6,0.692,9.7,2,219,0,1.46,0,0,1,0.859,0,0,0.709
8.61,0,31.4,162.9,3.2,0.974,41.8,0,688,0,1.55,0,0,1,0.909,0,0,0.882
7.39,1,45.8,65.9,9.9,0.983,40.6,1,37,0,1.79,0,0,1,0.769,0,0,0.666
5.52,1,27.0,61.3,9.8,0.794,29.1,0,587,0,2.38,0,0,1,0.874,0,0,0.83
3.58,0,31.2,107.7,13.5,0.922,24.2,2,246,0,2.18,0,0,1,0.841,0,0,0.875
4.91,1,44.3,334.5,30.0,0.999,27.2,3,107,0,1.0,0,0,1,0.762,0,0,0.82
8.3,1,19.3,57.8,15.9,0.817,38.3,1,265,0,2.25,0,0,1,0.74,0,0,0.607
8.29,1,37.6,124.5,5.8,0.655,19.0,1,464,0,1.2,0,0,1,0.935,0,0,0.699
7.35,0,47.9,101.5,27.9,0.822,15.3,2,234,0,1.66,0,0,1,0.861,0,0,0.883
7.09,1,37.3,113.0,21.5,0.794,40.0,3,34,0,1.2,0,0,1,0.865,0,0,0.734
5.49,0,13.4,165.5,11.0,0.682,24.2,2,77,0,1.05,0,0,1,0.924,0,0,0.646
4.47,1,28.3,266.4,12.3,0.812,34.9,0,341,0,1.87,0,0,1,0.925,0,0,0.805
9.07,1,24.7,86.7,22.6,0.714,27.6,1,155,0,2.28,0,0,1,0.904,0,0,0.797
6.49,1,30.6,255.4,22.9,0.801,10.1,0,547,0,1.72,0,0,1,0.849,0,0,0.859
9.54,1,17.5,177.9,15.7,0.948,8.5,1,166,0,1.55,0,0,1,0.995,0,0,0.82
5.78,0,44.4,336.0,9.2,0.71,31.7,2,464,0,0.91,0,0,0,0.913,0,0,0.65
8.15,1,37.7,318.7,4.4,0.827,42.3,1,719,0,1.6,0,0,1,0.761,0,0,0.771
3.62,1,8.1,90.8,15.2,0.862,36.8,0,610,0,2.43,0,0,1,0.919,0,0,0.969
4.27,1,39.1,251.1,25.6,0.699,36.8,0,320,0,2.13,0,0,1,0.857,0,0,0.69
9.14,1,42.3,203.7,12.6,0.812,17.1,2,254,0,1.56,0,0,1,0.769,0,0,0.736
6.02,1,38.7,292.8,6.7,0.958,24.8,4,440,0,0.57,0,0,1,0.929,0,0,0.958
5.39,0,12.6,346.3,5.6,0.789,36.9,0,76,0,2.04,0,0,1,0.88,0,0,0.741
8.01,1,42.7,385.7,11.6,0.73,21.9,0,392,0,1.67,0,0,1,0.883,0,0,0.605
9.1,0,31.7,293.8,27.8,0.898,11.1,2,58,0,2.18,0,0,1,0.737,0,0,0.659
4.16,1,43.2,166.3,10.7,0.73,29.3,1,231,0,0.51,0,0,1,0.819,0,0,0.734
9.44,1,22.6,308.1,14.7,0.729,23.1,0,693,0,0.83,0,0,1,0.793,0,0,0.795
4.94,1,16.9,230.3,29.3,0.811,27.3,2,356,0,0.63,0,0,1,0.763,0,0,0.825
4.44,1,9.5,215.2,17.8,0.673,36.0,1,142,0,1.62,0,0,1,0.755,0,0,0.815
9.62,1,19.4,275.4,13.4,0.659,11.2,2,472,0,1.69,0,0,1,0.871,0,0,0.822
6.9,0,41.8,396.1,18.9,0.932,43.5,1,36,0,1.97,0,0,1,0.737,0,0,0.819
7.5,0,46.2,268.7,11.4,0.939,19.5,0,561,0,1.32,0,0,1,0.831,0,0,0.853
9.64,0,13.9,354.0,15.6,0.963,37.0,1,555,0,1.9,0,0,1,0.765,0,0,0.761
5.95,1,45.8,291.9,21.1,0.938,26.2,2,706,0,2.16,0,0,1,0.703,0,0,0.634
9.3,0,33.1,260.2,20.6,0.711,41.6,1,663,0,1.21,0,0,0,0.755,0,0,0.623
8.4,1,43.2,203.0,27.6,0.903,29.4,3,341,0,0.56,0,0,1,0.879,0,0,0.809
6.47,1,22.0,319.8,5.0,0.676,34.1,2,68,0,0.66,0,0,1,0.99,0,0,0.601
3.72,1,41.9,386.7,24.1,0.892,25.9,0,621,0,1.96,0,0,1,0.898,0,0,0.925
8.94,1,28.6,127.4,29.7,0.98,6.6,2,115,0,0.57,0,0,1,0.789,0,0,0.831
9.8,0,27.9,351.7,25.6,0.762,38.2,0,188,0,1.62,0,0,1,0.965,0,0,0.733
6.09,1,32.0,331.4,17.1,0.882,34.5,1,137,0,0.55,0,0,1,0.706,0,0,0.819
6.7,0,41.5,399.3,11.8,0.919,21.1,1,469,0,1.3,0,0,1,0.801,0,0,0.894
8.13,1,27.6,154.0,25.9,0.9,28.6,0,614,0,1.28,0,0,1,0.987,0,0,0.944
4.81,1,49.3,359.5,18.8,0.966,44.6,1,613,0,1.8,0,0,1,0.854,0,0,0.842
4.24,1,15.8,322.9,11.8,0.67,43.8,3,519,0,1.48,0,0,0,0.969,0,0,0.716
7.36,0,9.5,363.2,26.1,0.81,20.6,0,570,0,2.41,0,0,1,0.943,0,0,0.918
6.86,1,25.2,180.4,9.3,0.903,24.8,0,345,0,2.29,0,0,0,0.718,0,0,0.821
6.61,0,32.0,281.7,17.2,0.953,34.4,2,600,0,1.92,0,0,1,0.909,0,0,0.922
7.33,0,14.7,358.3,26.4,0.66,38.0,0,392,0,2.32,0,0,1,0.867,0,0,0.789
4.81,1,11.5,164.3,17.7,0.691,20.1,0,394,0,0.71,0,0,1,0.862,0,0,0.841
5.39,1,47.1,85.9,28.2,0.891,7.7,0,46,0,1.92,0,0,1,0.717,0,0,0.619
8.97,0,36.4,206.1,20.1,0.858,20.3,0,62,0,1.48,0,0,1,0.905,0,0,0.88
4.92,0,25.9,208.0,6.6,0.928,32.7,0,159,0,0.96,0,0,1,0.96,0,0,0.973
3.22,0,46.2,350.1,29.0,0.916,22.7,1,556,0,0.9,0,0,1,0.914,0,0,0.901
6.3,1,14.7,121.3,4.6,0.704,23.1,1,378,0,0.57,0,0,1,0.885,0,0,0.799
6.37,1,13.3,289.9,14.0,0.72,24.7,0,530,0,2.1,0,0,1,0.837,0,0,0.603
3.51,1,28.2,260.0,10.2,0.893,39.4,1,243,0,0.79,0,0,1,0.871,0,0,0.803
6.38,1,22.5,321.5,28.4,0.675,26.4,1,618,0,1.29,0,0,1,0.87,0,0,0.772
8.6,1,15.0,86.6,19.8,0.897,6.3,1,445,0,2.37,0,0,1,0.888,0,0,0.941
7.29,1,35.8,243.6,18.7,0.924,24.2,0,729,0,0.66,0,0,1,0.774,0,0,0.64
9.1,1,49.0,167.9,7.1,0.926,31.3,1,691,0,1.58,0,0,1,0.724,0,0,0.701
4.54,1,16.6,344.2,6.9,0.986,21.6,3,181,0,1.53,0,0,1,0.709,0,0,0.699
7.24,1,41.3,279.3,29.8,0.749,19.4,1,50,0,0.76,0,0,1,0.973,0,0,0.645
4.66,0,15.6,349.0,15.8,0.737,39.8,1,113,0,0.83,0,0,1,0.991,0,0,0.665
7.6,1,40.5,95.8,29.2,0.809,14.4,0,299,0,1.4,0,0,1,0.744,0,0,0.712
7.12,0,18.6,175.7,12.6,0.862,19.3,2,185,0,1.62,0,0,1,0.71,0,0,0.847
3.86,1,10.2,274.0,8.3,0.713,8.5,0,720,1,0.8,0,0,0,0.99,0,0,0.601
9.66,1,44.5,209.2,16.4,0.821,31.7,0,413,0,0.79,0,0,1,0.92,0,0,0.829
4.32,0,14.6,132.1,29.0,0.739,31.5,2,174,0,2.23,0,0,1,0.734,0,0,0.799
9.43,1,47.5,339.4,20.7,0.852,18.9,0,604,0,1.31,0,0,1,0.935,0,0,0.902
8.17,0,25.0,164.5,20.7,0.933,35.5,2,373,0,1.8,0,0,1,0.889,0,0,0.91
6.94,1,31.0,258.8,17.3,0.806,5.6,1,32,0,2.4,0,0,1,0.974,0,0,0.946
3.76,1,30.1,136.1,15.3,0.788,27.0,2,50,0,0.52,0,0,1,0.969,0,0,0.661
9.49,1,47.2,173.1,4.8,0.82,15.3,0,568,0,1.56,0,0,1,0.727,0,0,0.779
5.8,0,42.6,232.9,5.5,0.951,37.0,0,341,0,0.87,0,0,1,0.827,0,0,0.816
8.71,1,30.1,89.3,2.1,0.873,25.6,3,662,0,2.3,0,0,1,0.771,0,0,0.795
4.92,0,25.8,283.6,4.7,0.868,23.1,1,512,0,1.45,0,0,1,0.754,0,0,0.678
4.61,1,34.8,139.9,19.7,0.67,10.7,0,292,0,1.31,0,0,1,0.915,0,0,0.773
9.94,1,12.4,303.5,18.2,0.746,8.2,0,382,0,1.3,0,0,1,0.803,0,0,0.754
6.1,0,36.1,74.5,19.9,0.745,28.7,1,87,0,1.84,0,0,0,0.899,0,0,0.739
8.11,1,10.5,246.8,28.8,0.711,32.6,0,237,0,1.35,0,0,1,0.7,0,0,0.675
9.87,1,24.1,91.9,29.3,0.657,34.5,1,315,0,1.75,0,0,1,0.927,0,0,0.632
8.78,0,37.8,62.7,10.5,0.742,19.4,0,478,0,1.29,0,0,1,0.88,0,0,0.729
9.44,1,49.7,348.0,7.8,0.976,9.7,2,699,0,0.78,0,0,1,0.946,0,0,0.858
3.16,1,17.4,385.1,18.0,0.976,28.0,1,124,0,1.71,0,0,1,0.752,0,0,0.726
5.79,1,23.4,73.9,2.7,0.697,43.5,2,682,0,2.25,0,0,1,0.955,0,0,0.6
3.12,1,23.3,185.3,17.8,0.717,13.5,2,492,0,0.98,0,0,1,0.736,0,0,0.676
3.71,1,10.6,228.3,29.9,0.935,29.6,1,153,0,1.95,0,0,1,0.821,0,0,0.918
5.48,1,28.2,111.9,12.8,0.987,14.9,0,434,1,1.02,0,0,1,0.741,0,0,0.734
4.51,1,18.1,391.6,24.4,0.986,24.5,0,729,0,1.5,0,0,1,0.745,0,0,0.632
9.05,1,35.4,333.7,19.2,0.951,20.7,1,221,0,1.13,0,0,1,0.831,0,0,0.846
8.89,1,45.9,211.5,19.8,0.881,40.8,2,202,0,1.97,0,0,1,0.904,0,0,0.808
3.59,0,11.0,74.9,2.3,0.985,34.5,1,680,0,2.38,0,0,1,0.806,0,0,0.874
6.85,0,10.9,198.5,4.3,0.83,41.0,1,358,0,0.91,0,0,1,0.885,0,0,0.939
7.51,1,9.8,389.0,24.4,0.752,44.2,2,317,0,0.81,0,0,1,0.733,0,0,0.75
3.67,1,31.1,186.0,6.6,0.746,42.1,2,151,0,2.22,0,0,1,0.976,0,0,0.663
8.29,1,43.4,305.0,23.7,0.88,12.1,3,495,0,1.87,0,0,1,0.99,0,0,0.888
4.05,1,25.4,315.4,22.8,0.864,9.2,0,59,0,1.77,0,0,1,0.748,0,0,0.715
3.07,1,38.5,397.1,4.8,0.791,37.0,0,39,0,2.13,0,0,1,0.906,0,0,0.694
6.77,1,43.6,344.0,25.3,0.654,35.0,4,240,0,1.24,0,0,1,0.917,0,0,0.822
7.15,1,25.3,293.5,2.1,0.867,19.2,1,148,0,1.52,0,0,1,0.731,0,0,0.656
7.92,1,28.4,259.8,18.9,0.658,17.9,1,693,0,2.07,0,0,1,0.937,0,0,0.729
6.08,1,21.8,201.9,4.5,0.727,28.9,4,289,0,0.86,0,0,1,0.997,0,0,0.787
8.18,0,16.5,247.9,29.4,0.708,33.0,2,592,0,1.02,0,0,1,0.962,0,0,0.81
4.3,0,27.2,219.0,5.7,0.678,34.1,1,342,1,0.61,0,0,1,0.739,0,0,0.7
9.46,1,8.6,149.0,3.2,0.663,16.0,0,299,0,1.04,0,0,1,0.835,0,0,0.794
3.46,1,9.4,71.9,27.4,0.699,26.3,1,668,0,1.96,0,0,1,0.738,0,0,0.821
5.75,0,41.1,268.5,15.8,0.993,10.8,1,334,0,2.44,0,0,1,0.805,0,0,0.821
4.06,1,18.5,347.7,17.7,0.833,9.6,2,627,0,1.73,0,0,1,0.954,0,0,0.877
3.99,1,17.1,84.1,26.1,0.811,35.0,0,323,0,1.42,0,0,1,0.936,0,0,0.836
4.81,1,21.9,314.9,16.5,0.722,40.1,2,709,0,2.04,0,0,1,0.72,0,0,0.716
9.36,1,28.9,86.9,20.4,0.938,20.2,2,615,0,1.21,0,0,1,0.783,0,0,0.678
7.5,1,45.7,232.1,14.5,0.845,11.6,1,312,0,2.47,0,0,1,0.761,0,0,0.646
9.26,1,14.4,204.1,19.2,0.679,40.3,3,562,0,1.15,0,0,0,0.994,0,0,0.764
3.91,1,11.9,60.3,25.0,0.723,20.2,2,515,0,1.92,0,0,1,0.841,0,0,0.805
6.21,1,28.8,339.9,11.4,0.711,33.5,1,704,0,1.2,0,0,1,0.925,0,0,0.763
7.35,1,43.3,215.0,29.4,0.872,10.1,1,277,0,0.85,0,0,1,0.768,0,0,0.809
4.95,1,37.2,229.4,10.5,0.724,6.3,1,683,0,0.97,0,0,1,0.718,0,0,0.825
7.56,0,8.0,109.2,12.9,0.783,14.1,1,688,0,0.72,0,0,1,0.713,0,0,0.785
9.43,1,44.1,152.3,27.5,0.914,37.2,0,356,0,1.62,0,0,1,0.86,0,0,0.914
6.15,1,13.1,73.9,9.4,0.666,27.7,0,683,0,1.09,0,0,1,0.923,0,0,0.612
9.32,0,36.0,257.6,27.0,0.715,8.2,0,461,1,1.67,0,0,0,0.957,0,0,0.73
3.45,0,33.2,90.2,4.6,0.968,31.8,3,460,0,2.32,0,0,1,0.741,0,0,0.685
4.15,1,47.8,205.8,24.1,0.874,32.1,0,435,0,2.44,0,0,1,0.781,0,0,0.718
9.89,1,25.1,362.0,2.1,0.664,29.2,1,391,0,1.16,0,0,1,0.759,0,0,0.753
4.96,1,29.7,51.9,2.2,0.727,6.5,0,631,0,1.38,0,0,1,0.819,0,0,0.611
4.94,0,20.0,336.4,16.9,0.958,28.0,0,523,0,0.76,0,0,1,0.818,0,0,0.876
5.88,0,38.0,262.8,10.7,0.938,43.2,1,203,0,1.02,0,0,1,0.881,0,0,0.924
3.8,1,27.2,179.2,5.4,0.797,35.0,0,407,0,2.0,0,0,1,0.894,0,0,0.762
9.22,1,29.1,98.6,5.2,0.704,11.9,2,416,0,0.78,0,0,1,0.827,0,0,0.674
6.4,1,9.8,93.1,17.6,0.77,34.2,3,640,0,1.59,0,0,1,0.877,0,0,0.657
5.69,1,32.3,315.8,4.8,0.961,5.5,1,409,0,1.25,0,0,1,0.829,0,0,0.826
9.23,1,14.5,58.9,20.1,0.873,18.6,0,155,0,0.7,0,0,1,0.859,0,0,0.952
7.06,1,12.4,108.6,29.2,0.73,44.1,1,695,1,0.56,0,0,1,0.748,0,0,0.606
8.29,1,20.1,365.0,5.3,0.985,17.6,4,460,0,0.56,0,0,0,0.932,0,0,0.845
6.35,1,15.1,136.4,25.5,0.775,38.1,1,370,0,1.04,0,0,0,0.867,0,0,0.687
7.06,1,26.6,269.2,15.7,0.791,44.8,3,194,0,0.8,0,0,1,0.913,0,0,0.827
3.93,1,33.2,173.7,14.8,0.663,34.8,1,213,0,2.25,0,0,1,0.745,0,0,0.716
9.87,1,44.3,256.1,12.5,0.75,13.1,1,528,0,2.23,0,0,0,0.822,0,0,0.807
8.35,1,48.2,120.2,5.1,0.949,22.6,2,352,0,1.52,0,0,1,0.978,0,0,0.803
6.34,1,38.4,292.4,5.8,0.755,19.3,1,725,0,2.09,0,0,0,0.76,0,0,0.849
3.63,1,9.9,169.6,19.7,0.674,5.2,5,564,0,0.66,0,0,1,0.822,0,0,0.617
5.44,1,41.9,381.7,4.0,0.984,25.9,0,686,0,2.09,0,0,1,0.715,0,0,0.618
5.82,1,17.8,148.4,24.5,0.975,21.2,1,594,0,1.6,0,0,1,0.71,0,0,0.654
5.91,0,15.9,301.9,26.3,0.809,37.9,2,207,0,2.15,0,0,1,0.866,0,0,0.894
4.0,0,19.4,223.8,10.0,0.697,30.2,0,590,0,0.5,0,0,1,0.714,0,0,0.669
7.95,1,43.3,51.3,8.9,0.909,17.7,0,606,0,1.63,0,0,1,0.872,0,0,0.963
9.6,1,23.8,377.7,20.9,0.691,6.7,3,204,0,1.93,0,0,1,0.99,0,0,0.79
9.66,0,20.5,86.9,23.9,0.875,6.9,2,582,0,0.72,0,0,1,0.931,0,0,0.801
9.01,1,31.2,195.5,22.2,0.78,39.8,3,191,0,2.36,0,0,1,0.921,0,0,0.844
3.37,1,27.7,252.7,4.4,0.665,31.7,3,615,1,1.26,0,0,1,0.706,0,0,0.631
5.9,1,25.0,235.8,18.7,0.653,23.6,3,185,0,0.94,0,0,1,0.957,0,0,0.744
3.53,1,23.4,113.6,14.2,0.766,18.7,1,667,0,1.64,0,0,1,0.865,0,0,0.82
7.73,1,42.9,262.2,10.2,0.722,11.1,4,153,0,0.62,0,0,0,0.983,0,0,0.796
9.94,1,48.4,76.5,12.2,0.729,12.8,0,55,0,1.13,0,0,1,0.994,0,0,0.732
9.34,1,35.0,333.5,28.5,0.768,34.0,1,715,0,0.79,0,0,1,0.889,0,0,0.712
3.94,0,30.2,134.7,16.0,0.888,8.0,0,627,0,1.59,0,0,1,0.838,0,0,0.901
9.05,1,45.7,286.0,5.8,0.998,26.1,1,710,0,2.4,0,0,0,0.914,0,0,0.845
6.99,1,26.4,257.7,4.0,0.868,44.2,0,600,0,1.9,0,0,1,0.986,0,0,0.974
5.75,0,40.5,158.5,8.5,0.81,36.3,5,541,0,2.11,0,0,1,0.942,0,0,0.832
6.6,0,18.7,136.0,13.3,0.963,5.0,1,276,0,2.49,0,0,1,0.928,0,0,0.867
5.75,0,46.6,382.8,18.2,0.775,36.5,0,722,0,1.81,0,0,1,0.757,0,0,0.83
3.71,1,17.3,63.6,3.0,0.711,39.7,0,609,0,1.37,0,0,1,0.855,0,0,0.79
4.98,1,45.6,381.3,27.0,0.797,36.2,1,657,0,1.01,0,0,1,0.878,0,0,0.608
7.45,1,20.4,357.8,14.9,0.683,38.1,0,193,0,2.04,0,0,1,0.745,0,0,0.819
6.77,1,25.9,63.1,5.6,0.918,5.0,1,386,0,0.9,0,0,1,0.703,0,0,0.709
9.18,1,16.0,158.5,22.5,0.874,21.6,4,235,0,1.17,0,0,0,0.822,0,0,0.655
8.34,1,14.3,183.2,13.6,0.914,5.8,0,283,0,2.4,0,0,1,0.78,0,0,0.75
5.08,0,39.9,85.9,16.4,0.828,19.8,4,30,0,0.75,0,0,1,0.803,0,0,0.806
3.36,1,17.0,282.8,6.4,0.692,35.6,1,221,0,1.26,0,0,1,0.936,0,0,0.784
5.69,1,43.2,54.0,21.7,0.99,22.5,0,344,0,1.91,0,0,1,0.862,0,0,0.877
5.16,1,13.0,386.5,22.0,0.983,14.1,3,543,0,1.85,0,0,1,0.775,0,0,0.756
7.0,0,46.1,54.3,20.9,0.668,27.0,0,360,0,1.32,0,0,1,0.829,0,0,0.819
7.24,1,22.9,79.4,11.3,0.887,7.9,0,708,0,1.78,0,0,1,0.89,0,0,0.836
5.93,0,12.3,147.2,9.7,0.801,44.2,0,698,0,0.71,0,0,1,0.994,0,0,0.9
4.33,1,16.6,231.9,4.1,0.862,25.7,2,195,0,1.71,0,0,1,0.723,0,0,0.838
5.08,1,33.2,268.3,20.2,0.744,5.6,1,102,0,1.72,0,0,1,0.781,0,0,0.749
9.06,0,12.4,104.2,28.5,0.908,40.3,0,639,0,0.6,0,0,1,0.816,0,0,0.969
6.79,0,17.3,304.0,19.3,0.909,13.6,2,719,0,2.0,0,0,1,0.83,0,0,0.847
6.04,0,8.4,256.3,19.2,0.873,14.7,1,398,0,0.6,0,0,1,0.709,0,0,0.689
3.11,1,46.3,174.2,13.9,0.725,28.9,1,532,0,2.11,0,0,1,0.98,0,0,0.736
4.4,1,39.2,308.3,16.6,0.674,19.8,2,398,0,2.33,0,0,1,0.711,0,0,0.797
5.88,0,34.8,341.8,16.0,0.837,10.8,2,541,0,0.54,0,0,1,0.851,0,0,0.81
6.44,0,12.4,317.6,13.5,0.879,15.4,0,674,0,2.39,0,0,1,0.916,0,0,0.949
6.12,0,8.3,373.6,14.4,0.844,15.2,1,182,0,0.93,0,0,1,0.936,0,0,0.914
5.61,1,17.7,161.5,27.3,0.677,38.2,1,290,0,2.18,0,0,1,0.925,0,0,0.71
7.27,1,36.3,112.7,21.4,0.73,9.7,0,645,0,1.56,0,0,1,0.789,0,0,0.735
5.42,1,38.8,358.6,5.4,0.872,28.3,0,263,0,0.99,0,0,1,0.817,0,0,0.842
4.54,0,33.9,244.9,13.6,0.8,26.6,2,383,0,2.24,0,0,1,0.86,0,0,0.629
7.24,1,22.2,100.0,21.4,0.722,20.7,1,132,0,0.54,0,0,1,0.721,0,0,0.719
6.92,1,36.9,138.6,2.3,0.903,26.4,3,659,0,1.4,0,0,1,0.956,0,0,0.959
6.26,1,24.3,331.2,27.2,0.721,7.7,2,321,0,1.59,0,0,0,0.835,0,0,0.728
9.92,1,47.6,65.0,14.5,0.675,34.2,2,601,0,1.81,0,0,1,0.703,0,0,0.654
7.63,1,8.2,331.6,23.6,0.842,7.7,3,509,0,0.78,0,0,1,0.886,0,0,0.934
4.19,1,45.4,312.5,27.4,0.916,28.9,3,711,0,1.93,0,0,1,0.877,0,0,0.833
7.2,0,44.5,303.5,22.9,0.845,28.4,0,400,0,1.82,0,0,1,0.782,0,0,0.773
4.85,0,34.7,163.6,9.5,0.717,32.8,0,615,0,2.13,0,0,1,0.928,0,0,0.647
3.62,1,23.5,201.3,2.9,0.741,6.3,1,546,0,2.22,0,0,1,0.829,0,0,0.65
6.6,0,26.3,283.4,4.6,0.912,37.5,6,480,0,0.98,0,0,1,0.823,0,0,0.823
3.16,1,40.9,248.2,10.8,0.879,14.3,0,491,0,1.91,0,0,1,0.74,0,0,0.728
3.04,0,25.4,190.8,12.9,0.674,30.5,2,694,0,1.69,0,0,1,0.979,0,0,0.685
6.69,1,49.8,393.4,20.2,0.932,33.6,1,218,0,1.86,0,0,1,0.983,0,0,0.83
6.5,1,37.3,277.0,9.7,0.705,30.4,1,435,0,1.84,0,0,1,0.751,0,0,0.605
8.45,1,37.4,343.4,24.5,0.986,26.4,1,467,0,1.69,0,0,1,0.716,0,0,0.608
5.96,1,33.5,358.3,26.7,0.881,13.4,2,210,0,2.27,0,0,1,0.76,0,0,0.654
7.84,1,34.0,379.3,23.7,0.695,18.9,1,93,0,1.11,0,0,1,0.937,0,0,0.704
4.18,1,10.3,379.8,4.1,0.803,26.2,1,613,0,1.06,0,0,1,0.798,0,0,0.675
4.63,1,18.8,174.4,20.9,0.672,13.4,1,195,0,0.81,0,0,1,0.845,0,0,0.676
6.94,0,13.8,253.2,16.2,0.7,30.0,0,475,0,1.38,0,0,0,0.819,0,0,0.779
4.97,1,16.0,171.5,17.3,0.997,31.6,0,532,0,2.48,0,0,1,0.811,0,0,0.835
6.43,0,28.7,219.1,25.5,0.776,39.4,1,216,0,0.75,0,0,1,0.985,0,0,0.644
6.97,1,28.6,275.7,8.4,0.843,19.9,1,451,0,0.83,0,0,1,0.847,0,0,0.873
9.32,1,32.2,245.6,12.4,0.925,15.1,2,378,0,0.85,0,0,1,0.766,0,0,0.655
9.12,1,19.1,50.2,26.4,0.927,30.1,1,510,0,0.9,0,0,1,0.771,0,0,0.837
9.61,1,46.8,325.0,18.5,0.652,35.9,3,315,0,2.04,0,0,1,0.948,0,0,0.643
3.21,1,22.3,228.7,19.2,0.969,25.4,1,721,0,2.21,0,0,1,0.999,0,0,0.943
8.28,1,22.1,213.0,23.7,0.97,12.6,3,168,0,1.8,0,0,1,0.867,0,0,0.954
8.85,0,23.4,161.3,23.0,0.801,8.5,0,400,0,0.56,0,0,0,0.9,0,0,0.833
4.86,1,36.5,161.1,25.7,0.982,40.4,1,328,0,1.41,0,0,1,0.863,0,0,0.862
6.05,0,19.7,99.8,10.8,0.947,8.6,4,521,0,0.98,0,0,1,0.782,0,0,0.685
6.14,0,16.0,51.8,3.7,0.967,30.9,0,240,0,2.13,0,0,1,0.717,0,0,0.602
4.49,1,25.3,190.8,26.8,0.963,41.4,1,158,0,1.96,0,0,1,0.881,0,0,0.955
8.76,1,28.4,90.9,21.1,0.982,10.5,2,99,0,1.19,0,0,1,0.898,0,0,0.968
8.75,1,35.6,364.4,13.2,0.764,5.4,2,266,0,1.22,0,0,1,0.876,0,0,0.657
9.27,0,37.4,265.9,26.2,0.728,39.9,3,635,0,2.44,0,0,1,0.804,0,0,0.613
3.37,1,27.2,129.3,19.2,0.739,28.1,1,238,0,2.29,0,0,1,0.747,0,0,0.613
6.9,1,43.1,175.4,27.6,0.848,12.3,0,684,0,1.27,0,0,1,0.791,0,0,0.833
3.83,0,36.7,236.1,2.9,0.816,21.3,0,477,0,1.16,0,0,1,0.953,0,0,0.84
4.67,1,40.5,65.4,21.4,0.877,14.3,2,346,0,2.3,0,0,0,0.833,0,0,0.788
6.72,1,19.7,125.9,10.1,0.845,6.2,1,313,0,1.92,0,0,1,0.795,0,0,0.842
4.84,1,43.1,67.6,15.0,0.783,17.7,0,487,0,0.59,0,0,1,0.819,0,0,0.711
9.26,1,8.3,380.1,8.6,0.688,35.7,1,453,0,1.05,0,0,1,0.765,0,0,0.821
6.92,0,37.9,293.8,11.1,0.732,13.4,3,179,0,1.03,0,0,0,0.708,0,0,0.751
7.62,1,13.1,378.5,7.1,0.868,13.9,1,59,0,0.76,0,0,1,0.833,0,0,0.943
8.07,1,22.3,331.7,3.5,0.706,18.4,0,488,1,2.17,0,0,0,0.741,0,0,0.658
9.08,0,25.6,67.7,3.1,0.851,20.7,0,685,1,2.07,0,0,1,0.712,0,0,0.747
5.78,0,30.9,146.3,21.9,0.745,41.2,1,41,0,0.83,0,0,1,0.795,0,0,0.665
3.61,1,16.1,67.7,19.5,0.751,16.2,1,209,0,1.38,0,0,1,0.818,0,0,0.732
4.13,1,41.8,316.1,6.3,0.702,15.7,1,175,0,0.57,0,0,1,0.909,0,0,0.648
7.49,1,45.2,363.5,10.3,0.73,21.5,0,268,0,0.78,0,0,1,0.732,0,0,0.611
7.59,1,11.4,62.2,29.7,0.661,22.8,1,519,0,1.82,0,0,1,0.96,0,0,0.672
6.27,1,25.3,199.6,11.2,0.847,39.0,0,274,0,1.06,0,0,1,0.73,0,0,0.751
6.67,1,27.8,222.3,7.5,0.878,36.2,2,560,0,2.46,0,0,1,0.954,0,0,0.858
7.74,1,33.3,288.9,18.1,0.8,16.0,1,473,0,1.15,0,0,1,0.896,0,0,0.663
7.55,1,13.1,295.5,5.2,0.999,12.3,1,102,0,0.53,0,0,1,0.778,0,0,0.607
7.42,1,31.0,111.1,10.3,0.882,43.6,0,553,0,0.83,0,0,1,0.809,0,0,0.898
8.88,1,41.6,352.1,6.2,0.948,44.7,4,193,0,1.66,0,0,1,0.927,0,0,0.815
9.47,1,13.4,204.8,3.2,0.89,41.1,1,587,0,0.69,0,0,1,0.976,0,0,0.917
3.72,1,38.6,322.9,5.3,0.65,33.5,1,219,0,2.2,0,0,0,0.87,0,0,0.729
3.6,1,24.0,262.5,12.9,0.734,8.8,1,616,0,2.45,0,0,1,0.726,0,0,0.616
9.24,1,21.4,216.8,10.9,0.821,39.4,2,217,0,1.66,0,0,1,0.91,0,0,0.936
9.11,1,38.7,266.7,7.2,0.659,16.4,1,72,0,0.75,0,0,0,0.732,0,0,0.72
7.1,1,11.6,70.0,5.0,0.855,26.8,0,695,0,2.37,0,0,1,0.782,0,0,0.7
7.19,1,14.5,392.0,17.3,0.697,40.7,0,388,0,0.88,0,0,1,0.867,0,0,0.69
9.38,1,21.3,69.9,23.5,0.896,18.3,1,334,0,1.11,0,0,1,0.865,0,0,0.942
5.23,1,22.5,335.5,15.1,0.677,11.6,0,377,0,1.4,0,0,1,0.82,0,0,0.629
9.18,1,24.3,280.9,14.4,0.877,7.5,4,679,0,1.55,0,0,1,0.96,0,0,0.854
4.14,1,9.6,267.0,21.5,0.725,6.7,1,549,0,2.11,0,0,1,0.724,0,0,0.741
9.36,1,20.4,100.2,6.2,0.801,28.8,0,333,0,1.44,0,0,1,0.76,0,0,0.679
8.54,0,23.1,157.4,7.5,0.887,17.9,2,73,1,1.31,0,0,1,0.874,0,0,0.968
7.71,1,42.0,382.7,2.6,0.994,8.4,1,146,0,1.79,0,0,1,0.716,0,0,0.75
9.32,1,17.1,204.9,3.4,0.937,38.1,1,634,0,0.94,0,0,1,0.84,0,0,0.88
3.1,1,44.4,107.6,13.6,0.655,24.1,0,691,0,1.71,0,0,1,0.857,0,0,0.657
7.67,1,26.6,107.2,7.2,0.721,20.5,0,652,0,2.4,0,0,1,0.781,0,0,0.649
6.32,1,9.1,243.7,16.6,0.998,13.1,0,356,0,0.59,0,0,1,0.862,0,0,0.916
3.32,0,43.4,153.8,4.2,0.709,10.1,0,397,0,0.83,0,0,1,0.907,0,0,0.782
3.33,0,11.8,150.1,20.8,0.709,7.2,1,166,0,0.55,0,0,1,0.753,0,0,0.625
9.7,1,38.6,160.4,13.0,0.733,8.9,0,396,0,1.68,0,0,1,0.8,0,0,0.795
6.06,1,35.2,345.3,11.1,0.891,43.5,2,692,1,0.89,0,0,1,0.782,0,0,0.783
5.6,1,10.9,113.4,28.8,0.962,31.1,2,339,0,1.77,0,0,1,0.998,0,0,0.802
8.11,1,26.2,94.6,13.5,0.774,17.1,3,687,0,0.82,0,0,1,0.866,0,0,0.743
4.47,0,9.1,174.2,23.8,0.847,15.4,3,141,0,1.38,0,0,1,0.974,0,0,0.811
7.86,1,21.4,195.4,27.4,0.735,8.7,1,532,0,0.62,0,0,1,0.914,0,0,0.69
3.88,1,35.0,146.4,15.8,0.693,28.5,1,54,0,2.33,0,0,1,0.754,0,0,0.667
4.39,1,20.9,244.3,18.5,0.799,29.6,0,580,0,2.05,0,0,1,0.874,0,0,0.604
5.52,1,24.3,352.2,10.6,0.753,15.6,1,98,0,1.63,0,0,1,0.904,0,0,0.833
9.98,0,20.1,357.9,3.4,0.731,40.9,0,640,0,0.55,0,0,1,0.825,0,0,0.689
9.38,1,29.5,288.2,28.1,0.867,37.2,0,698,0,2.06,0,0,1,0.907,0,0,0.974
5.75,1,36.2,305.3,18.1,0.722,25.2,1,221,0,1.3,0,0,1,0.857,0,0,0.83
8.68,0,41.4,163.3,23.4,0.7,31.3,1,334,0,1.47,0,0,1,0.775,0,0,0.679
8.66,0,20.7,350.5,26.0,0.918,10.9,3,715,0,1.52,0,0,1,0.794,0,0,0.801
9.03,1,48.0,165.1,20.5,0.913,37.5,1,88,0,2.47,0,0,1,0.725,0,0,0.762
7.37,1,20.9,350.9,28.9,0.726,8.5,0,152,0,1.6,0,0,1,0.916,0,0,0.728
7.23,1,42.8,340.3,21.9,0.687,38.6,2,53,0,1.72,0,0,1,0.798,0,0,0.618
5.45,0,17.8,293.3,19.6,0.952,10.3,4,575,0,1.21,0,0,1,0.856,0,0,0.879
9.16,1,29.3,98.4,29.5,0.737,7.9,2,626,0,2.14,0,0,1,0.956,0,0,0.768
3.96,1,9.9,375.8,20.5,0.911,17.5,1,477,0,0.61,0,0,1,0.826,0,0,0.84
3.0,0,43.4,309.8,6.7,0.692,7.7,2,245,0,0.98,0,0,1,0.923,0,0,0.778
4.64,0,46.5,87.8,8.5,0.913,16.0,1,723,0,1.39,0,0,1,0.853,0,0,0.955
9.06,1,40.7,211.3,29.7,0.819,44.5,1,222,0,1.3,0,0,1,0.78,0,0,0.734
9.01,1,48.1,92.7,2.5,0.966,7.7,2,413,0,0.87,0,0,1,0.787,0,0,0.704
5.64,0,46.0,222.5,11.2,0.687,43.1,0,151,0,1.14,0,0,1,0.935,0,0,0.631
7.44,1,11.0,368.3,7.3,0.937,26.8,0,208,0,1.98,0,0,1,0.832,0,0,0.887
4.49,1,43.1,225.9,2.4,0.931,44.2,2,481,0,1.39,0,0,1,0.91,0,0,0.835
6.13,0,35.5,193.9,20.6,0.691,21.1,1,126,1,1.05,0,0,0,0.986,0,0,0.688
3.3,1,24.5,381.7,6.0,0.917,9.3,2,183,0,1.76,0,0,1,0.835,0,0,0.896
8.22,0,37.3,373.4,25.0,0.847,31.9,4,238,0,2.44,0,0,1,0.869,0,0,0.968
7.11,1,39.9,299.4,7.4,0.815,23.9,1,42,0,1.87,0,0,1,0.907,0,0,0.857
3.39,1,18.1,185.4,4.3,0.702,16.9,0,258,0,1.29,0,0,1,0.944,0,0,0.686
3.78,1,32.4,300.1,8.7,0.805,16.3,0,303,0,1.1,0,0,1,0.76,0,0,0.823
3.8,1,29.1,254.1,18.2,0.669,17.6,1,276,0,2.34,0,0,1,0.803,0,0,0.84
6.11,1,22.8,368.3,17.9,0.917,37.5,1,596,0,2.47,0,0,1,0.88,0,0,0.861
6.81,1,39.3,206.1,2.6,0.672,20.5,1,163,0,0.87,0,0,1,0.864,0,0,0.651
5.04,0,28.3,125.6,29.1,0.9,43.3,1,169,0,1.57,0,0,1,0.904,0,0,0.92
6.58,1,10.3,57.7,12.0,0.767,20.5,0,159,0,1.96,0,0,1,0.919,0,0,0.792
9.83,1,22.3,277.0,3.9,0.964,9.8,1,402,0,1.45,0,0,1,0.802,0,0,0.957
3.62,0,43.6,113.6,14.0,0.708,33.3,2,558,0,2.0,0,0,1,0.911,0,0,0.832
8.17,1,19.1,293.7,7.4,0.682,26.3,1,545,0,1.91,0,0,1,0.97,0,0,0.746
3.87,1,38.3,114.3,11.2,0.821,6.0,0,31,0,1.17,0,0,1,0.759,0,0,0.801
4.3,1,26.3,280.4,14.3,0.747,27.3,2,164,0,1.95,0,0,1,0.959,0,0,0.679
8.97,1,10.1,268.2,3.8,0.764,31.9,1,86,0,1.47,0,0,1,0.722,0,0,0.627
8.86,1,16.2,226.7,23.5,0.672,28.1,0,86,0,2.17,0,0,1,0.714,0,0,0.709
8.91,1,25.7,64.0,14.6,0.852,27.8,1,571,0,0.7,0,0,1,0.99,0,0,0.975
9.06,1,37.4,149.8,19.7,0.809,24.3,1,169,0,0.61,0,0,1,0.974,0,0,0.91
6.82,1,22.4,348.2,17.7,0.83,9.0,0,697,0,2.22,0,0,1,0.703,0,0,0.699
8.96,1,9.5,311.2,24.5,0.706,26.5,0,198,0,1.12,0,0,1,0.973,0,0,0.79
7.73,1,15.7,314.8,15.3,0.729,29.7,0,250,0,1.01,0,0,1,0.954,0,0,0.652
9.66,1,49.4,343.5,24.6,0.761,5.4,1,382,0,1.58,0,0,1,0.816,0,0,0.807
3.94,0,39.6,379.5,20.9,0.777,42.5,0,574,0,1.75,0,0,1,0.999,0,0,0.608
4.65,1,24.8,134.8,7.7,0.984,41.7,0,310,0,0.98,0,0,1,0.892,0,0,0.953
8.19,1,35.5,145.9,18.6,0.821,10.3,0,57,0,0.62,0,0,1,0.842,0,0,0.83
5.48,1,10.4,254.2,26.8,0.703,28.9,1,462,0,1.67,0,0,1,0.98,0,0,0.633
8.58,1,39.5,158.8,16.4,0.95,23.7,1,490,0,1.41,0,0,1,0.816,0,0,0.974
7.88,1,44.2,218.2,3.9,0.842,21.7,1,275,0,0.61,0,0,0,0.854,0,0,0.673
6.29,0,20.8,117.4,5.6,0.754,36.2,1,457,0,1.25,0,0,1,0.702,0,0,0.714
5.3,1,26.9,139.2,11.9,0.897,25.9,0,107,0,0.58,0,0,1,0.932,0,0,0.824
6.27,1,26.0,59.5,23.9,0.654,35.5,2,407,0,1.52,0,0,1,0.936,0,0,0.722
9.62,1,47.1,67.7,17.3,0.962,15.5,1,86,0,1.31,0,0,0,0.716,0,0,0.745
3.58,1,26.5,228.7,9.2,0.761,8.5,1,227,0,1.64,0,0,1,0.702,0,0,0.803
9.64,1,14.8,386.3,17.1,0.655,15.3,2,452,0,2.41,0,0,1,0.965,0,0,0.624
3.39,1,10.4,345.8,3.7,0.745,9.2,0,86,0,0.77,0,0,1,0.945,0,0,0.603
9.27,1,18.1,61.3,11.4,0.83,36.9,1,462,0,0.97,0,0,1,0.756,0,0,0.646
6.59,0,11.3,297.4,20.3,0.955,14.8,2,431,0,1.02,0,0,1,0.915,0,0,0.822
7.2,1,29.6,291.5,25.4,0.763,40.6,0,179,0,0.74,0,0,1,0.732,0,0,0.805
3.97,0,10.0,382.0,21.9,0.652,35.6,2,137,0,0.98,0,0,1,0.915,0,0,0.752
3.62,1,10.7,258.6,22.7,0.724,38.7,0,719,0,1.12,0,0,1,0.903,0,0,0.63
3.48,1,17.2,138.9,26.6,0.681,33.6,0,354,0,0.51,0,0,1,0.742,0,0,0.817
9.1,1,26.7,156.1,22.1,0.776,15.7,1,170,0,1.87,0,0,1,0.718,0,0,0.775
3.07,1,21.8,292.7,23.5,0.756,37.5,0,471,0,2.32,0,0,1,0.716,0,0,0.626
6.98,1,27.2,188.9,14.1,0.849,5.1,0,552,0,0.85,0,0,1,0.914,0,0,0.88
3.19,1,20.5,375.4,5.5,0.878,7.1,1,580,0,2.24,0,0,1,0.732,0,0,0.794
8.66,0,12.8,275.4,25.4,0.852,30.9,1,195,0,2.23,0,0,1,0.789,0,0,0.666
6.02,0,17.3,86.1,18.4,0.821,26.0,1,404,0,0.76,0,0,1,0.893,0,0,0.857
7.35,1,26.7,364.8,5.7,0.785,37.8,2,176,0,1.05,0,0,1,0.802,0,0,0.849
4.84,1,47.1,58.6,21.5,0.904,38.5,2,140,0,1.79,0,0,1,0.895,0,0,0.977
9.38,1,9.7,176.8,25.1,0.896,23.4,0,287,0,2.07,0,0,1,0.783,0,0,0.699
9.52,1,46.4,393.4,20.5,0.936,35.0,1,55,0,0.75,0,0,1,0.712,0,0,0.749
9.09,0,26.9,210.8,4.2,0.885,37.9,0,387,0,2.25,0,0,1,0.865,0,0,0.835
3.71,0,42.5,316.0,3.4,0.945,22.5,1,300,0,2.01,0,0,1,0.961,0,0,0.834
5.81,0,24.7,93.7,16.7,0.688,13.1,2,632,0,0.55,0,0,1,0.888,0,0,0.745
8.19,1,16.6,173.4,5.5,0.695,32.0,3,723,0,1.7,0,0,1,0.933,0,0,0.618
7.62,0,36.3,224.0,28.6,0.755,5.8,1,507,0,2.08,0,0,1,0.765,0,0,0.755
3.34,1,8.6,372.4,29.3,0.728,13.3,1,236,0,1.87,0,0,1,0.926,0,0,0.677
6.14,1,49.3,152.3,10.3,0.774,27.6,0,288,0,2.26,0,0,1,0.984,0,0,0.651
7.3,1,30.9,289.4,7.3,0.832,23.8,0,339,0,1.65,0,0,1,0.854,0,0,0.819
5.96,1,38.8,344.0,17.3,0.68,14.5,0,493,0,1.57,0,0,1,0.905,0,0,0.757
4.86,1,27.1,361.8,17.9,0.941,44.7,0,205,0,2.46,0,0,0,0.906,0,0,0.661
8.59,1,40.8,368.6,12.7,0.871,22.2,1,366,0,1.4,0,0,1,0.986,0,0,0.843
7.37,1,44.8,145.0,2.1,0.707,19.0,1,364,0,1.75,0,0,1,0.947,0,0,0.659
7.57,1,33.0,87.6,2.5,0.968,15.8,2,491,0,0.97,0,0,1,0.931,0,0,0.913
9.92,1,10.6,307.0,16.6,0.725,36.3,0,282,0,1.18,0,0,0,0.889,0,0,0.704
4.17,0,42.5,148.5,4.0,0.67,9.8,2,651,0,0.63,0,0,1,0.995,0,0,0.69
8.27,1,13.4,253.8,10.4,0.662,30.4,1,217,0,2.27,0,0,1,0.881,0,0,0.758
5.92,1,11.9,55.8,26.5,0.733,13.5,1,293,0,2.42,0,0,1,0.915,0,0,0.766
5.4,1,37.0,380.9,19.7,0.802,26.0,0,442,0,1.94,0,0,1,0.92,0,0,0.842
8.69,1,16.9,132.9,19.6,0.94,21.6,0,298,1,1.58,0,0,1,0.91,0,0,0.81
9.38,0,29.3,204.5,5.7,0.752,39.8,1,687,0,1.48,0,0,1,0.839,0,0,0.661
9.4,1,48.0,236.6,19.7,0.84,10.2,1,682,0,0.86,0,0,1,0.715,0,0,0.717
8.97,0,47.2,93.8,12.7,0.66,39.2,1,432,0,2.43,0,0,1,0.894,0,0,0.661
8.02,0,36.3,265.1,27.0,0.678,18.2,0,53,0,1.97,0,0,1,0.764,0,0,0.66
4.97,1,17.8,56.9,26.6,0.988,18.7,1,195,0,1.32,0,0,0,0.895,0,0,0.786
3.22,1,34.6,364.7,19.5,0.697,9.6,1,585,0,2.3,0,0,1,0.726,0,0,0.834
8.78,0,16.4,331.8,25.8,0.751,43.1,0,702,0,1.3,0,0,0,0.861,0,0,0.726
4.8,0,8.6,67.3,18.8,0.77,43.1,4,662,0,1.47,0,0,1,0.894,0,0,0.643
9.11,1,14.6,386.8,16.5,0.676,30.1,0,716,0,1.74,0,0,1,0.762,0,0,0.784
9.07,1,36.1,335.3,9.3,0.754,5.0,3,201,0,1.94,0,0,1,0.887,0,0,0.689
8.52,1,34.8,132.5,22.0,0.956,10.1,2,557,0,0.73,0,0,1,0.956,0,0,0.905
3.55,1,27.9,176.5,12.0,0.835,28.4,1,495,0,2.19,0,0,1,0.821,0,0,0.86
6.44,1,18.0,327.9,15.6,0.767,9.3,0,552,0,0.84,0,0,1,0.792,0,0,0.609
5.26,1,31.2,174.8,14.5,0.988,20.1,0,163,0,2.02,0,0,1,0.913,0,0,0.804
5.93,0,22.2,247.3,7.7,0.91,7.1,1,211,0,2.14,0,0,1,0.757,0,0,0.67
4.87,1,17.8,93.2,5.5,0.854,34.4,1,66,0,1.82,0,0,0,0.78,0,0,0.768
3.36,1,8.2,399.8,24.5,0.925,25.4,0,425,0,1.83,0,0,1,0.964,0,0,0.835
5.19,1,34.8,294.8,5.1,0.947,26.3,3,303,0,1.52,0,0,1,0.888,0,0,0.97
7.06,1,10.1,72.0,7.2,0.661,34.7,1,115,0,2.35,0,0,1,0.919,0,0,0.822
3.43,1,16.6,248.3,20.2,0.756,23.4,0,584,0,2.27,0,0,1,0.965,0,0,0.743
5.32,0,29.3,224.7,5.1,0.786,14.6,0,355,0,0.77,0,0,1,0.909,0,0,0.761
8.48,0,37.1,104.5,8.8,0.945,13.4,0,409,1,2.29,0,0,1,0.779,0,0,0.792
9.49,1,21.3,326.1,21.1,0.961,32.7,0,129,0,2.11,0,0,1,0.81,0,0,0.867
4.06,0,37.7,116.6,12.3,0.687,30.1,0,673,0,1.21,0,0,1,0.848,0,0,0.601
6.51,1,48.8,105.7,11.9,0.797,20.6,1,319,0,1.98,0,0,1,0.882,0,0,0.642
8.58,0,11.6,212.3,6.9,0.768,5.7,1,313,0,2.17,0,0,1,0.736,0,0,0.813
4.1,0,43.4,225.3,29.5,0.684,17.1,1,396,0,1.6,0,0,1,0.896,0,0,0.664
5.55,0,16.2,339.4,17.8,0.917,33.5,0,581,0,0.7,0,0,1,0.726,0,0,0.676
8.21,0,38.2,397.4,21.6,0.753,31.9,1,307,0,1.39,0,0,1,0.933,0,0,0.696
6.1,1,23.4,234.1,24.6,0.777,26.0,1,38,0,0.89,0,0,1,0.794,0,0,0.621
7.8,0,23.1,76.9,13.9,0.805,31.7,1,718,1,1.93,0,0,1,0.853,0,0,0.844
8.21,1,16.0,211.2,10.0,0.737,30.8,2,109,0,1.33,0,0,1,0.78,0,0,0.85
4.23,1,14.2,321.6,14.5,0.807,43.2,1,404,0,1.43,0,0,1,0.841,0,0,0.882
7.08,1,14.9,226.3,25.2,0.882,18.5,2,362,0,1.66,0,0,1,0.716,0,0,0.627
4.22,1,35.1,362.2,22.5,0.828,44.7,0,148,0,0.68,0,0,1,0.925,0,0,0.925
9.93,1,28.9,165.3,14.3,0.95,32.4,1,49,0,1.82,0,0,1,0.707,0,0,0.703
5.09,0,16.7,121.8,7.3,0.694,17.4,4,265,0,0.62,0,0,1,0.831,0,0,0.639
9.63,0,19.3,256.8,22.2,0.979,40.3,2,162,0,2.41,0,0,1,0.912,0,0,0.928
4.77,1,16.3,100.4,30.0,0.868,22.2,0,63,1,0.69,0,0,1,0.85,0,0,0.908
3.44,0,17.7,289.8,29.5,0.892,40.3,3,248,0,2.37,0,0,1,0.897,0,0,0.948
7.53,0,38.0,373.6,16.5,0.691,26.1,0,352,0,1.75,0,0,1,0.758,0,0,0.723
9.65,1,25.8,300.1,18.9,0.755,21.4,0,705,0,2.28,0,0,1,0.744,0,0,0.731
9.74,1,49.3,344.4,3.0,0.88,16.5,1,624,0,0.6,0,0,1,0.954,0,0,0.944
6.56,1,43.5,304.5,29.5,0.704,14.0,0,45,0,2.32,0,0,1,0.921,0,0,0.62
5.52,0,17.8,90.4,11.1,0.727,42.0,2,353,0,2.11,0,0,0,0.781,0,0,0.724
3.6,1,29.1,100.6,14.4,0.767,25.9,1,495,1,1.07,0,0,1,0.7,0,0,0.671
9.17,1,33.5,191.2,20.9,0.716,37.7,0,147,0,1.34,0,0,1,0.702,0,0,0.62
9.17,1,37.7,372.0,9.6,0.78,27.8,3,691,0,1.44,0,0,1,0.757,0,0,0.798
6.18,1,24.1,349.0,23.0,0.745,9.7,0,506,0,1.39,0,0,1,0.983,0,0,0.653
6.64,1,18.9,336.5,27.2,0.924,12.8,0,278,0,0.57,0,0,1,0.919,0,0,0.836
5.6,1,38.5,89.6,13.4,0.82,26.6,1,297,0,1.9,0,0,1,0.742,0,0,0.766
6.67,1,22.2,367.4,18.4,0.68,23.0,2,352,0,1.5,0,0,1,0.917,0,0,0.647
9.25,1,16.3,203.3,13.4,0.8,28.4,1,635,0,1.09,0,0,1,0.833,0,0,0.687
8.23,0,39.8,166.2,22.8,0.703,10.2,1,482,1,2.16,0,0,1,0.882,0,0,0.731
9.12,1,19.0,356.5,23.1,0.656,25.7,1,71,0,1.59,0,0,1,0.937,0,0,0.654
8.62,1,32.5,309.3,39.9,0.307,137.6,1,366,0,1.64,0,0,1,0.598,0,1,0.202
0.81,0,13.5,67.9,0.8,0.173,1.8,0,461,0,1.5,0,0,1,0.375,1,1,0.102
0.31,0,12.1,34.6,1.4,0.277,7.1,2,220,0,1.99,0,0,1,0.214,1,1,0.365
6.85,1,44.3,215.9,5.1,0.604,24.6,9,161,0,1.92,0,0,1,0.753,0,1,0.405
4.0,1,40.6,326.5,39.2,0.456,132.9,1,114,0,1.37,0,0,1,0.599,0,1,0.45
5.01,1,32.3,156.5,7.2,0.601,25.7,6,419,0,2.5,0,0,1,0.786,0,1,0.162
1.81,0,6.0,146.4,5.4,0.324,7.8,0,15,1,1.07,0,0,1,0.405,1,1,0.373
6.01,1,21.5,307.9,16.3,0.996,11.9,1,286,0,11.37,1,1,1,0.851,0,1,0.176
5.8,1,41.1,379.4,26.5,0.826,24.4,7,211,1,0.71,0,0,1,0.907,0,1,0.154
9.73,1,22.5,84.3,18.2,0.623,13.9,1,128,0,11.75,1,1,1,0.937,0,1,0.377
0.85,0,8.3,39.0,2.3,0.116,0.1,3,57,0,1.45,0,0,1,0.252,1,1,0.423
1.2,0,13.1,68.0,2.8,0.331,6.0,1,139,0,0.62,0,0,1,0.407,1,1,0.435
3.62,1,30.5,371.5,47.1,0.247,108.8,2,168,0,0.82,0,0,1,0.687,0,1,0.416
1.44,0,12.5,50.9,1.0,0.351,2.5,0,454,0,1.3,0,0,1,0.542,1,1,0.204
2.34,0,5.3,62.5,6.3,0.21,13.6,3,7,1,2.32,0,0,1,0.583,1,1,0.081
0.4,0,12.2,38.9,0.9,0.146,2.1,0,470,0,1.97,0,0,1,0.335,1,1,0.164
4.26,1,29.4,296.5,20.9,0.203,89.9,3,384,0,2.21,0,0,1,0.302,0,1,0.425
5.51,1,16.0,228.5,16.5,0.96,42.6,2,299,0,11.44,1,1,1,0.969,0,1,0.373
8.61,1,31.2,218.6,40.4,0.458,125.9,2,480,0,2.03,0,0,1,0.443,0,1,0.16
1.13,0,18.6,29.1,0.6,0.471,9.7,1,11,0,1.84,0,0,1,0.412,1,1,0.09
9.06,1,16.9,347.7,26.9,0.82,33.0,3,105,0,9.97,1,1,1,0.917,0,1,0.395
3.65,1,27.1,95.1,48.4,0.343,105.6,0,95,0,1.5,0,0,1,0.424,0,1,0.375
1.08,0,5.0,24.3,0.9,0.365,1.2,1,260,0,2.45,0,0,1,0.516,1,1,0.413
3.05,1,42.8,175.9,18.5,0.871,34.6,2,78,0,11.72,1,1,1,0.82,0,1,0.431
5.09,1,15.1,344.9,30.9,0.398,115.6,3,263,0,1.7,0,0,1,0.324,0,1,0.215
6.05,1,39.9,339.8,24.3,0.616,16.8,3,62,0,14.54,1,1,1,0.95,0,1,0.387
6.01,1,28.8,105.1,5.8,0.979,18.4,7,160,1,2.36,0,0,1,0.874,0,1,0.317
2.12,0,17.3,50.7,6.6,0.257,5.5,2,57,0,1.19,0,0,1,0.534,1,1,0.091
4.74,1,10.6,108.4,20.2,0.884,10.7,3,38,0,14.32,1,1,1,0.722,0,1,0.408
1.1,0,13.2,77.6,2.4,0.281,3.9,2,309,0,2.47,0,0,1,0.353,1,1,0.317
4.82,1,35.4,209.0,45.9,0.475,149.8,3,258,0,2.23,0,0,1,0.406,0,1,0.286
1.94,0,7.3,141.2,3.8,0.392,0.3,0,17,0,2.26,0,0,1,0.411,1,1,0.422
0.98,0,6.2,68.2,0.7,0.37,7.3,3,216,0,1.54,0,0,1,0.471,0,1,0.102
1.16,0,8.6,140.2,5.2,0.105,0.3,1,53,0,0.87,0,0,1,0.43,1,1,0.305
1.14,0,5.1,35.5,1.2,0.238,2.4,2,161,0,1.68,0,0,1,0.41,1,1,0.065
0.27,0,18.8,109.6,1.3,0.243,8.9,1,29,1,0.97,0,0,1,0.556,1,1,0.054
9.99,1,49.8,116.9,12.8,0.794,33.2,7,282,0,1.94,0,0,1,0.975,0,1,0.213
6.62,1,46.3,331.5,6.6,0.877,30.0,8,138,1,1.57,0,0,1,0.964,0,1,0.214
0.14,0,7.8,39.5,2.8,0.185,3.7,1,39,0,0.82,0,0,1,0.395,0,1,0.397
1.97,0,12.4,66.5,2.0,0.241,4.6,1,489,0,1.75,0,0,1,0.45,0,1,0.252
7.32,1,40.8,86.4,29.1,0.956,19.5,7,176,0,1.42,0,0,1,0.794,0,1,0.282
3.49,1,44.6,224.8,33.2,0.383,125.6,2,227,0,2.01,0,0,1,0.41,0,1,0.412
2.66,0,10.7,117.5,1.0,0.29,14.9,3,18,1,1.5,0,0,1,0.293,1,1,0.214
5.2,1,29.4,217.3,16.8,0.67,15.1,7,311,0,0.73,0,0,1,0.927,0,1,0.353
1.63,0,7.0,119.6,9.3,0.479,5.5,1,39,0,0.73,0,0,1,0.574,1,1,0.123
1.15,0,16.9,79.3,1.7,0.207,7.6,1,41,0,1.63,0,0,1,0.486,1,1,0.425
1.65,0,19.6,77.0,5.4,0.487,3.8,0,9,0,1.64,0,0,1,0.337,1,1,0.275
0.88,0,5.5,52.6,1.0,0.242,4.9,2,279,0,1.82,0,0,1,0.374,0,1,0.412
6.72,1,21.4,66.5,21.7,0.945,15.7,3,33,0,13.97,1,1,1,0.974,0,1,0.156
0.96,0,13.3,26.6,0.4,0.388,6.7,2,11,1,1.84,0,0,1,0.2,1,1,0.372
