city_tier,zone_id,week_of_year,season_flag,forecasted_disruption_probability,shift_start_hour,shift_duration_hours,declared_weekly_income_slab,claim_count_last_4_weeks,trust_score,days_since_registration,prior_zone_disruption_density,target_premium
1,zone_005,15,summer,0.296,10,5.2,1000,0,0.613,700,0.333,38.18
1,zone_005,33,monsoon,0.522,10,7.5,1000,1,0.874,44,0.301,43.77
1,zone_003,7,winter,0.076,6,11.6,2500,1,0.845,136,0.303,79.0
1,zone_004,2,winter,0.114,8,8.5,500,1,0.813,169,0.202,25.18
3,zone_005,18,summer,0.258,10,11.7,1500,0,0.738,100,0.279,37.25
1,zone_003,35,monsoon,0.709,6,6.9,500,2,0.783,202,0.389,32.38
1,zone_006,3,winter,0.164,10,10.2,1500,1,0.788,476,0.155,50.34
3,zone_004,13,summer,0.165,8,5.3,2500,2,0.599,329,0.24,69.18
1,zone_001,27,monsoon,0.571,16,10.9,500,1,0.745,78,0.152,36.26
1,zone_001,52,winter,0.087,14,9.7,500,1,0.678,201,0.168,29.26
2,zone_006,32,monsoon,0.637,6,7.0,1000,1,0.7,32,0.181,40.3
3,zone_004,36,monsoon,0.407,10,5.8,1500,0,0.392,83,0.161,46.05
3,zone_003,7,winter,0.149,16,8.4,1500,0,0.645,258,0.39,47.18
3,zone_004,11,winter,0.19,16,9.4,1500,0,0.822,730,0.168,42.77
2,zone_004,8,winter,0.177,14,8.5,500,0,0.785,445,0.213,24.8
2,zone_004,47,spring,0.174,6,9.8,1000,0,0.534,492,0.187,30.35
3,zone_001,46,spring,0.245,22,10.8,1000,0,0.554,550,0.17,34.56
1,zone_006,23,summer,0.178,10,11.0,2000,2,0.873,488,0.181,74.45
3,zone_001,8,winter,0.155,16,11.1,1000,0,0.865,156,0.129,32.93
1,zone_004,42,spring,0.223,8,5.0,1500,1,0.624,155,0.214,54.85
3,zone_004,42,spring,0.148,16,6.2,1500,0,0.657,34,0.175,45.54
2,zone_005,1,winter,0.193,14,8.4,1500,0,0.867,24,0.255,46.86
3,zone_004,5,winter,0.121,6,7.9,1500,0,0.76,9,0.187,37.11
2,zone_001,5,winter,0.153,14,11.6,2500,2,0.552,343,0.163,79.0
2,zone_003,44,spring,0.141,8,7.0,500,1,0.359,60,0.35,22.66
1,zone_003,29,monsoon,0.416,8,11.7,1500,0,0.669,57,0.358,57.11
2,zone_004,49,winter,0.152,14,5.9,1000,1,0.721,636,0.235,38.01
3,zone_004,19,summer,0.249,6,4.7,1500,1,0.813,362,0.237,41.79
2,zone_002,9,winter,0.173,14,4.7,500,1,0.872,279,0.238,23.84
3,zone_006,39,spring,0.164,18,4.9,1500,0,0.676,209,0.205,38.23
3,zone_004,49,winter,0.062,10,7.5,2000,2,0.676,36,0.172,54.91
3,zone_006,3,winter,0.185,6,6.2,2500,1,0.429,87,0.188,66.82
3,zone_003,17,summer,0.206,8,8.8,1000,0,0.971,418,0.355,26.41
2,zone_006,1,winter,0.122,22,7.0,2000,0,0.579,28,0.131,64.55
2,zone_005,31,monsoon,0.7,18,8.7,2000,1,0.771,46,0.338,77.79
1,zone_002,34,monsoon,0.59,16,6.5,2000,1,0.58,307,0.264,79.0
3,zone_004,34,monsoon,0.54,10,7.1,1500,1,0.832,396,0.245,43.91
3,zone_002,17,summer,0.202,10,11.8,1500,0,0.469,27,0.215,38.47
2,zone_004,25,monsoon,0.759,10,9.3,1000,0,0.749,123,0.171,38.53
2,zone_005,27,monsoon,0.416,16,9.0,500,2,0.873,46,0.287,28.91
2,zone_006,24,monsoon,0.688,6,5.2,500,2,0.892,40,0.186,27.68
1,zone_006,44,spring,0.135,8,7.8,1000,1,0.782,166,0.168,36.69
3,zone_002,45,spring,0.15,18,4.1,1000,0,0.827,11,0.284,26.08
1,zone_005,36,monsoon,0.799,18,8.6,2500,0,0.667,253,0.304,79.0
3,zone_005,6,winter,0.195,14,5.6,2000,1,0.695,77,0.309,67.24
2,zone_005,23,summer,0.26,8,9.5,500,0,0.923,380,0.325,20.16
3,zone_003,9,winter,0.081,8,11.4,2000,0,0.716,348,0.319,49.73
2,zone_006,4,winter,0.097,10,9.5,1500,2,0.215,99,0.183,45.82
1,zone_003,6,winter,0.191,14,6.7,500,2,0.716,57,0.374,30.39
2,zone_002,5,winter,0.182,8,10.6,500,1,0.874,256,0.272,21.09
2,zone_004,26,monsoon,0.501,8,5.5,2500,1,0.796,140,0.211,78.68
3,zone_004,44,spring,0.185,14,11.4,2000,0,0.711,544,0.243,64.09
1,zone_005,26,monsoon,0.736,6,11.4,2000,1,0.7,1,0.283,79.0
2,zone_003,38,monsoon,0.539,8,9.9,1500,0,0.64,108,0.391,48.55
2,zone_006,26,monsoon,0.405,14,5.4,2500,0,0.682,180,0.137,79.0
1,zone_003,32,monsoon,0.587,14,7.0,2000,1,0.495,137,0.377,79.0
1,zone_003,32,monsoon,0.509,18,8.2,2000,3,0.478,180,0.334,79.0
3,zone_004,47,spring,0.208,16,11.9,1500,3,0.714,266,0.235,51.06
3,zone_005,18,summer,0.329,16,6.7,1000,0,0.443,160,0.294,37.05
3,zone_006,44,spring,0.121,18,7.9,2000,1,0.804,360,0.228,54.0
1,zone_005,11,winter,0.173,10,10.5,1500,0,0.986,30,0.276,45.85
2,zone_002,12,winter,0.145,10,8.6,2000,0,0.468,40,0.209,61.97
1,zone_003,40,spring,0.166,18,9.8,1500,1,0.545,368,0.385,55.34
1,zone_001,26,monsoon,0.59,8,6.8,1500,1,0.667,686,0.101,59.57
1,zone_003,49,winter,0.071,22,7.6,1000,2,0.632,57,0.349,43.45
3,zone_005,26,monsoon,0.416,14,11.4,1000,2,0.44,577,0.297,44.75
3,zone_002,42,spring,0.197,14,6.9,1500,1,0.211,325,0.254,53.11
2,zone_001,16,summer,0.235,18,7.3,1500,1,0.872,1,0.105,41.96
1,zone_004,16,summer,0.325,22,10.1,1500,0,0.509,67,0.18,60.93
1,zone_001,46,spring,0.107,6,7.1,500,2,0.753,468,0.199,26.01
1,zone_004,29,monsoon,0.66,14,8.1,1000,0,0.767,11,0.247,55.29
3,zone_002,49,winter,0.076,8,10.1,1500,0,0.576,179,0.258,35.47
3,zone_003,28,monsoon,0.591,6,10.8,500,0,0.714,1,0.37,20.98
2,zone_005,48,winter,0.152,6,10.8,1500,1,0.519,62,0.338,46.03
2,zone_001,48,winter,0.156,16,9.6,1500,2,0.829,340,0.183,53.5
1,zone_005,46,spring,0.149,10,4.9,1000,0,0.686,113,0.334,35.95
1,zone_005,29,monsoon,0.716,6,10.2,2500,0,0.665,15,0.335,79.0
2,zone_004,36,monsoon,0.659,10,7.1,500,1,0.559,126,0.244,25.67
3,zone_005,29,monsoon,0.519,16,10.2,1000,0,0.622,273,0.27,41.21
2,zone_002,15,summer,0.244,10,5.3,1000,0,0.886,318,0.229,32.32
3,zone_004,46,spring,0.169,6,8.8,1500,0,0.503,78,0.209,38.85
3,zone_001,8,winter,0.12,14,7.2,2500,2,0.699,169,0.102,79.0
1,zone_001,10,winter,0.166,18,4.6,1500,1,0.517,44,0.169,54.9
1,zone_004,49,winter,0.193,6,11.2,1500,1,0.791,305,0.211,51.36
2,zone_004,6,winter,0.173,10,9.1,1500,1,0.721,137,0.206,44.6
1,zone_001,3,winter,0.062,8,5.8,1500,0,0.648,374,0.163,48.31
3,zone_004,24,monsoon,0.617,10,8.7,500,0,0.645,730,0.178,22.14
1,zone_002,40,spring,0.225,8,10.2,1500,1,0.98,114,0.21,50.05
2,zone_001,20,summer,0.269,6,7.1,2500,0,0.395,700,0.145,74.28
1,zone_006,16,summer,0.254,8,10.6,1500,0,0.743,7,0.204,51.6
2,zone_001,44,spring,0.167,18,8.5,1500,0,0.486,21,0.158,43.9
1,zone_002,24,monsoon,0.674,6,6.6,2500,1,0.406,28,0.214,79.0
2,zone_002,21,summer,0.169,14,7.6,2000,0,0.74,137,0.262,72.57
2,zone_004,27,monsoon,0.772,14,9.4,1000,1,0.605,9,0.248,50.19
3,zone_001,13,summer,0.208,6,9.2,2000,1,0.845,209,0.133,56.39
2,zone_005,19,summer,0.228,8,5.9,1000,0,0.846,124,0.288,32.15
2,zone_006,28,monsoon,0.41,8,7.0,1000,1,0.769,622,0.132,34.62
1,zone_005,15,summer,0.199,18,4.5,2500,0,0.865,73,0.33,79.0
1,zone_004,30,monsoon,0.686,8,7.3,500,0,0.536,22,0.207,29.77
3,zone_004,7,winter,0.172,8,8.2,500,0,0.442,208,0.167,19.0
3,zone_001,26,monsoon,0.502,8,9.9,2000,2,0.875,406,0.147,65.99
1,zone_005,15,summer,0.196,8,9.1,1000,1,0.804,116,0.295,39.08
1,zone_004,46,spring,0.116,14,8.6,1000,0,0.84,14,0.202,40.02
3,zone_003,32,monsoon,0.616,18,9.2,1500,0,0.935,163,0.373,43.71
1,zone_004,36,monsoon,0.785,14,10.0,1000,0,0.858,730,0.197,54.24
1,zone_003,40,spring,0.103,14,10.1,1000,1,0.878,141,0.316,41.48
1,zone_002,45,spring,0.154,6,11.5,1500,0,0.948,503,0.25,49.14
3,zone_002,12,winter,0.19,6,10.5,1000,4,0.832,84,0.298,33.81
3,zone_001,33,monsoon,0.769,10,8.9,2000,0,0.377,14,0.103,69.22
3,zone_004,12,winter,0.195,8,6.5,1500,0,0.864,210,0.165,35.62
3,zone_002,25,monsoon,0.423,22,4.5,1500,1,0.726,142,0.3,52.44
2,zone_004,29,monsoon,0.65,10,7.4,500,1,0.866,264,0.227,24.06
2,zone_003,21,summer,0.154,8,10.1,500,1,0.647,121,0.384,20.48
2,zone_004,34,monsoon,0.53,14,7.8,1000,0,0.859,309,0.182,42.98
2,zone_005,33,monsoon,0.736,6,11.2,1500,1,0.644,146,0.265,57.0
2,zone_005,8,winter,0.056,6,9.7,500,0,0.442,298,0.316,19.43
1,zone_005,5,winter,0.149,16,6.1,500,0,0.604,25,0.312,29.76
2,zone_002,50,winter,0.098,6,7.8,500,1,0.839,23,0.26,19.31
1,zone_006,25,monsoon,0.465,8,11.4,1500,1,0.839,202,0.152,60.11
2,zone_006,7,winter,0.077,6,6.6,2000,0,0.82,19,0.227,55.04
1,zone_004,13,summer,0.233,16,9.9,1500,0,0.787,163,0.231,61.35
3,zone_004,40,spring,0.129,18,9.3,1000,2,0.392,376,0.234,33.03
1,zone_001,34,monsoon,0.703,14,10.1,2000,1,0.849,48,0.114,79.0
1,zone_005,10,winter,0.143,8,10.4,500,1,0.649,164,0.31,25.53
3,zone_004,19,summer,0.25,6,4.5,1000,2,0.23,113,0.159,33.68
2,zone_003,47,spring,0.25,18,9.1,1500,2,0.854,177,0.318,45.65
1,zone_005,43,spring,0.104,16,6.2,1500,0,0.836,324,0.296,55.87
1,zone_004,39,spring,0.236,18,10.2,500,0,0.748,127,0.151,23.98
1,zone_006,28,monsoon,0.51,8,10.3,2500,0,0.847,383,0.135,79.0
2,zone_005,4,winter,0.097,16,4.7,1000,1,0.862,136,0.348,35.4
2,zone_005,24,monsoon,0.535,8,11.6,2500,0,0.68,730,0.273,79.0
2,zone_006,49,winter,0.132,6,7.7,1500,0,0.392,157,0.136,43.09
3,zone_002,35,monsoon,0.421,16,5.6,1000,0,0.899,420,0.288,37.79
1,zone_001,40,spring,0.248,16,4.2,500,1,0.298,345,0.138,34.33
3,zone_004,10,winter,0.064,8,10.1,1000,0,0.515,118,0.206,26.7
2,zone_005,3,winter,0.185,6,8.1,1500,0,0.908,320,0.347,41.92
1,zone_003,46,spring,0.148,22,7.9,500,1,0.582,5,0.382,28.39
1,zone_003,28,monsoon,0.743,16,8.3,2000,0,0.843,136,0.383,79.0
1,zone_005,28,monsoon,0.73,6,5.9,500,0,0.876,86,0.334,29.21
3,zone_003,33,monsoon,0.451,14,6.6,1500,0,0.797,65,0.364,51.47
2,zone_006,15,summer,0.193,6,6.4,1500,4,0.803,23,0.175,49.44
3,zone_006,35,monsoon,0.565,16,7.8,500,0,0.858,240,0.214,26.71
2,zone_001,19,summer,0.325,6,9.6,1500,0,0.559,71,0.174,43.62
3,zone_002,41,spring,0.15,8,11.9,1500,1,0.923,170,0.266,36.98
1,zone_004,33,monsoon,0.695,10,4.3,2000,0,0.645,29,0.184,79.0
1,zone_005,51,winter,0.117,16,9.1,1500,0,0.872,63,0.297,58.68
1,zone_006,6,winter,0.184,6,4.3,1500,1,0.746,126,0.175,51.49
2,zone_005,38,monsoon,0.742,6,10.7,2000,0,0.741,9,0.278,76.05
1,zone_001,24,monsoon,0.613,18,8.6,500,1,0.807,261,0.188,30.29
1,zone_005,48,winter,0.095,14,11.6,2000,1,0.73,59,0.317,79.0
2,zone_005,19,summer,0.269,10,11.2,1500,0,0.448,437,0.31,45.41
1,zone_001,39,spring,0.231,14,5.0,2500,0,0.59,69,0.149,79.0
1,zone_005,49,winter,0.082,10,10.5,500,0,0.537,395,0.309,23.0
1,zone_003,28,monsoon,0.632,16,4.8,2000,0,0.723,143,0.317,79.0
1,zone_001,1,winter,0.192,8,8.1,1000,0,0.879,375,0.153,37.1
2,zone_006,1,winter,0.066,6,11.8,1000,2,0.75,100,0.161,31.03
2,zone_002,37,monsoon,0.734,8,7.0,1500,0,0.715,32,0.203,54.82
3,zone_005,37,monsoon,0.591,10,5.3,1000,1,0.663,226,0.274,36.7
2,zone_001,28,monsoon,0.633,22,5.2,2000,0,0.678,314,0.146,79.0
1,zone_005,17,summer,0.292,18,5.1,1500,1,0.691,11,0.318,54.51
1,zone_006,17,summer,0.34,10,4.7,2000,1,0.968,186,0.222,74.04
2,zone_005,14,summer,0.241,8,8.8,1500,1,0.769,6,0.347,43.41
2,zone_002,32,monsoon,0.772,6,11.0,1500,1,0.519,315,0.299,55.84
3,zone_006,7,winter,0.057,8,9.1,500,0,0.731,101,0.202,19.0
2,zone_006,11,winter,0.102,6,10.5,2500,0,0.647,138,0.209,69.27
1,zone_002,26,monsoon,0.561,8,5.9,1000,2,0.609,204,0.298,48.75
1,zone_001,25,monsoon,0.449,18,8.0,1500,1,0.822,345,0.18,57.45
2,zone_005,23,summer,0.294,8,5.3,2000,2,0.683,251,0.309,71.23
2,zone_001,6,winter,0.087,14,6.5,500,0,0.852,444,0.143,23.76
1,zone_004,51,winter,0.063,14,8.0,1000,1,0.649,602,0.22,43.34
1,zone_003,19,summer,0.279,6,6.9,2500,1,0.609,10,0.377,79.0
3,zone_002,16,summer,0.224,18,9.8,1500,2,0.811,730,0.205,42.67
2,zone_001,36,monsoon,0.434,6,9.3,2000,1,0.846,364,0.171,70.53
1,zone_003,47,spring,0.15,18,6.1,2000,1,0.889,49,0.313,72.43
2,zone_002,47,spring,0.221,6,6.1,500,0,0.517,1,0.23,21.72
3,zone_003,9,winter,0.132,16,8.8,1000,0,0.742,12,0.367,33.24
3,zone_005,32,monsoon,0.66,14,8.5,2000,0,0.602,75,0.278,79.0
2,zone_004,47,spring,0.125,14,10.5,2500,0,0.512,234,0.243,79.0
1,zone_006,33,monsoon,0.783,10,5.9,1500,1,0.872,113,0.134,62.24
2,zone_004,45,spring,0.107,16,11.8,2000,1,0.461,15,0.212,78.37
1,zone_003,29,monsoon,0.763,18,11.7,1500,2,0.872,219,0.316,67.41
3,zone_006,44,spring,0.102,6,6.9,2500,0,0.488,261,0.14,62.86
1,zone_003,44,spring,0.199,6,6.3,1000,2,0.458,501,0.395,42.8
1,zone_002,45,spring,0.138,10,6.9,1500,0,0.868,7,0.218,48.86
1,zone_005,4,winter,0.137,8,8.6,1500,1,0.833,108,0.328,49.66
2,zone_004,45,spring,0.189,6,6.7,2000,0,0.629,361,0.183,61.12
3,zone_002,4,winter,0.073,18,8.3,1000,0,0.877,52,0.2,26.7
3,zone_006,51,winter,0.149,14,10.8,1500,0,0.478,92,0.22,48.12
3,zone_006,21,summer,0.258,6,7.0,1500,1,0.956,131,0.166,41.39
2,zone_003,21,summer,0.262,16,9.7,1000,1,0.788,380,0.334,38.21
1,zone_001,13,summer,0.193,14,5.3,500,2,0.782,97,0.191,30.03
3,zone_003,40,spring,0.22,14,10.7,500,1,0.19,73,0.348,24.83
3,zone_006,35,monsoon,0.781,8,11.0,2000,1,0.859,75,0.224,72.41
3,zone_003,18,summer,0.2,6,5.5,500,0,0.753,420,0.361,19.0
1,zone_002,48,winter,0.1,14,4.6,1000,0,0.615,303,0.279,43.56
3,zone_002,10,winter,0.187,6,7.6,2500,0,0.797,174,0.22,62.71
1,zone_003,10,winter,0.128,14,9.0,1500,1,0.784,122,0.309,60.28
2,zone_006,3,winter,0.106,10,7.6,1500,1,0.686,47,0.224,40.45
3,zone_004,34,monsoon,0.549,6,9.0,1000,3,0.397,218,0.2,40.95
1,zone_004,21,summer,0.333,8,6.1,1500,1,0.578,250,0.159,55.01
3,zone_004,47,spring,0.104,8,4.1,500,1,0.775,93,0.183,19.27
1,zone_004,13,summer,0.307,8,8.1,1000,1,0.838,81,0.237,41.59
3,zone_002,21,summer,0.232,18,9.1,2000,1,0.767,307,0.26,55.34
2,zone_005,43,spring,0.174,18,4.8,2000,0,0.901,14,0.269,57.8
3,zone_005,47,spring,0.203,6,6.3,1000,0,0.961,352,0.329,26.81
3,zone_005,36,monsoon,0.653,8,6.2,1000,0,0.738,431,0.284,34.08
2,zone_006,9,winter,0.074,14,5.4,1500,0,0.298,35,0.138,48.55
1,zone_002,51,winter,0.086,8,4.8,1000,1,0.824,49,0.296,36.61
2,zone_001,33,monsoon,0.616,14,9.6,1000,1,0.585,186,0.112,47.19
1,zone_002,17,summer,0.191,8,11.2,1000,1,0.59,233,0.225,37.59
2,zone_001,29,monsoon,0.729,16,7.9,1000,1,0.761,325,0.19,47.14
1,zone_006,6,winter,0.108,10,11.7,500,1,0.775,163,0.162,23.49
1,zone_003,4,winter,0.12,14,9.3,2000,0,0.853,326,0.377,79.0
1,zone_001,37,monsoon,0.608,8,9.4,2000,0,0.929,85,0.139,77.52
1,zone_003,21,summer,0.281,18,8.6,1500,0,0.927,75,0.324,48.36
2,zone_004,10,winter,0.126,6,4.6,1500,0,0.663,235,0.176,42.87
2,zone_001,30,monsoon,0.508,6,9.6,1000,1,0.71,41,0.109,38.27
1,zone_004,8,winter,0.055,8,4.3,2000,0,0.774,456,0.239,63.79
3,zone_005,38,monsoon,0.438,14,10.5,2000,5,0.362,76,0.346,79.0
3,zone_006,11,winter,0.052,6,6.5,500,0,0.795,143,0.131,19.0
2,zone_005,10,winter,0.109,6,9.1,2000,1,0.686,92,0.312,60.88
2,zone_005,12,winter,0.124,18,7.7,2500,2,0.725,206,0.347,71.24
2,zone_001,7,winter,0.14,6,9.6,1500,2,0.719,364,0.18,47.12
2,zone_002,30,monsoon,0.753,10,10.7,1500,0,0.809,13,0.223,54.04
2,zone_006,43,spring,0.132,18,11.1,1000,1,0.605,125,0.215,31.04
1,zone_005,12,winter,0.173,18,11.5,500,0,0.875,62,0.26,22.53
1,zone_003,37,monsoon,0.704,22,7.5,1000,1,0.748,87,0.367,52.25
1,zone_006,4,winter,0.072,8,10.9,1000,0,0.61,29,0.188,35.5
1,zone_003,44,spring,0.141,10,4.7,1500,0,0.539,258,0.357,50.72
3,zone_002,15,summer,0.159,6,8.5,2000,1,0.358,232,0.266,56.73
3,zone_004,25,monsoon,0.606,18,11.1,2000,1,0.741,538,0.224,65.4
1,zone_004,30,monsoon,0.742,10,7.3,2500,1,0.651,559,0.239,79.0
2,zone_005,5,winter,0.076,14,5.8,1000,1,0.591,32,0.296,37.46
1,zone_002,8,winter,0.188,6,6.3,1000,0,0.984,33,0.249,34.91
2,zone_005,32,monsoon,0.55,14,7.8,1500,1,0.341,297,0.262,66.23
1,zone_001,52,winter,0.189,22,10.4,2000,0,0.367,41,0.192,79.0
2,zone_002,51,winter,0.163,6,10.2,1000,1,0.815,350,0.252,32.67
1,zone_003,24,monsoon,0.412,22,9.3,2500,0,0.884,588,0.388,79.0
1,zone_003,36,monsoon,0.785,6,9.7,2000,2,0.833,84,0.383,79.0
1,zone_002,4,winter,0.08,6,5.9,2000,0,0.51,1,0.206,71.44
2,zone_002,19,summer,0.331,16,10.1,500,0,0.861,431,0.29,26.5
1,zone_001,25,monsoon,0.692,18,8.8,2000,1,0.816,29,0.173,79.0
2,zone_002,5,winter,0.103,6,5.7,500,1,0.371,164,0.294,20.88
1,zone_005,45,spring,0.111,8,4.7,1500,0,0.653,398,0.272,50.08
3,zone_005,28,monsoon,0.793,8,11.8,1500,0,0.795,51,0.311,46.79
2,zone_006,42,spring,0.224,16,7.8,1000,0,0.866,125,0.178,38.29
1,zone_005,15,summer,0.315,8,7.7,1000,1,0.615,129,0.291,40.18
2,zone_002,4,winter,0.134,14,4.5,1500,0,0.844,87,0.255,47.52
3,zone_005,17,summer,0.33,22,7.6,2000,1,0.864,5,0.341,65.02
1,zone_005,2,winter,0.134,8,8.0,2000,1,0.413,279,0.303,76.46
2,zone_004,34,monsoon,0.73,6,10.7,1500,1,0.855,132,0.201,52.57
2,zone_003,3,winter,0.174,14,9.6,1000,0,0.725,28,0.338,37.53
2,zone_002,3,winter,0.2,6,7.7,1500,0,0.777,299,0.213,41.96
2,zone_002,14,summer,0.295,14,6.7,2000,0,0.474,354,0.295,75.87
1,zone_006,2,winter,0.189,8,4.4,500,1,0.744,73,0.134,25.44
1,zone_006,2,winter,0.059,10,8.5,2000,0,0.892,76,0.156,61.14
1,zone_004,28,monsoon,0.42,14,6.3,1000,0,0.649,132,0.219,49.68
1,zone_005,37,monsoon,0.704,6,5.2,1000,0,0.829,99,0.32,43.26
2,zone_005,36,monsoon,0.754,18,6.4,1000,0,0.605,347,0.29,38.57
2,zone_005,22,summer,0.284,8,4.6,2500,0,0.654,68,0.297,74.53
2,zone_002,2,winter,0.1,10,10.8,1000,3,0.786,401,0.21,32.7
3,zone_003,11,winter,0.177,8,9.4,1500,1,0.913,51,0.369,37.44
2,zone_001,42,spring,0.138,14,5.7,500,1,0.624,27,0.103,25.83
3,zone_004,39,spring,0.195,8,8.4,1000,0,0.564,138,0.157,27.94
2,zone_006,34,monsoon,0.767,8,5.1,2000,0,0.731,225,0.198,77.84
1,zone_005,16,summer,0.194,14,9.1,1500,0,0.593,83,0.263,58.33
3,zone_004,34,monsoon,0.527,18,9.2,1000,0,0.81,337,0.239,33.24
3,zone_005,6,winter,0.172,8,9.3,2500,0,0.896,354,0.348,60.52
1,zone_003,20,summer,0.267,16,6.6,1000,0,0.887,200,0.313,44.8
2,zone_005,20,summer,0.301,18,8.0,2000,1,0.869,379,0.27,61.17
3,zone_003,26,monsoon,0.519,8,10.2,1500,2,0.538,148,0.327,49.18
2,zone_001,42,spring,0.123,22,8.4,500,1,0.825,150,0.173,24.47
3,zone_005,52,winter,0.151,8,10.1,1500,0,0.876,696,0.288,34.84
1,zone_004,14,summer,0.182,14,12.0,1500,0,0.939,116,0.215,54.54
3,zone_002,7,winter,0.147,22,5.2,1500,1,0.741,35,0.273,43.63
1,zone_001,7,winter,0.139,18,8.6,1000,1,0.563,70,0.114,37.41
2,zone_004,37,monsoon,0.432,18,10.0,1500,1,0.586,64,0.244,48.09
3,zone_002,45,spring,0.159,14,10.4,1500,0,0.717,83,0.287,42.89
1,zone_003,15,summer,0.272,6,4.9,500,0,0.628,43,0.344,24.65
1,zone_002,29,monsoon,0.427,8,11.5,1500,0,0.674,107,0.201,55.19
1,zone_006,32,monsoon,0.73,16,6.3,2000,1,0.832,97,0.215,79.0
3,zone_002,20,summer,0.245,6,4.2,1500,2,0.72,148,0.245,42.22
2,zone_001,25,monsoon,0.775,22,10.4,2000,1,0.625,526,0.109,79.0
2,zone_001,28,monsoon,0.657,8,7.9,1500,0,0.793,75,0.139,48.89
1,zone_006,18,summer,0.31,14,8.4,1500,1,0.856,414,0.213,62.53
1,zone_003,43,spring,0.247,6,10.4,1000,1,0.791,12,0.369,37.78
2,zone_006,13,summer,0.274,10,4.5,1500,2,0.55,105,0.165,48.25
2,zone_003,23,summer,0.268,18,6.8,1000,1,0.751,58,0.347,32.16
2,zone_003,9,winter,0.162,8,5.6,1500,0,0.628,236,0.318,41.24
2,zone_003,38,monsoon,0.437,8,4.8,500,1,0.701,64,0.349,23.02
2,zone_002,29,monsoon,0.724,8,10.0,2500,1,0.761,161,0.259,79.0
2,zone_003,39,spring,0.208,16,9.7,1500,0,0.961,73,0.329,47.51
1,zone_001,52,winter,0.156,14,10.5,2000,1,0.534,77,0.106,79.0
1,zone_005,42,spring,0.229,10,9.4,1000,2,0.661,545,0.28,42.81
3,zone_001,31,monsoon,0.786,8,5.0,1500,1,0.921,207,0.175,47.85
2,zone_003,47,spring,0.238,16,10.6,2000,0,0.614,5,0.379,76.74
1,zone_003,8,winter,0.062,10,7.9,1500,3,0.552,52,0.324,54.08
1,zone_003,38,monsoon,0.402,8,4.7,1500,0,0.885,182,0.308,53.58
2,zone_003,45,spring,0.108,14,7.8,2000,0,0.81,254,0.351,67.93
2,zone_005,48,winter,0.174,14,4.8,2000,2,0.68,434,0.255,79.0
2,zone_004,8,winter,0.154,14,10.9,500,4,0.57,6,0.162,29.4
1,zone_003,2,winter,0.061,14,8.8,1500,0,0.576,108,0.346,55.88
3,zone_005,39,spring,0.148,10,12.0,1500,1,0.652,371,0.324,38.36
1,zone_006,33,monsoon,0.69,18,7.4,500,1,0.955,7,0.229,29.08
1,zone_002,24,monsoon,0.416,8,10.4,1000,0,0.452,1,0.278,42.28
3,zone_002,42,spring,0.184,8,10.3,2000,0,0.591,78,0.295,52.67
1,zone_004,24,monsoon,0.427,22,11.6,500,1,0.687,115,0.248,33.47
2,zone_002,34,monsoon,0.736,8,9.7,2500,0,0.748,66,0.233,79.0
3,zone_001,52,winter,0.18,6,5.4,1500,1,0.988,362,0.15,36.17
3,zone_004,7,winter,0.126,18,11.6,2000,0,0.764,354,0.215,51.29
2,zone_005,6,winter,0.169,8,5.5,2500,0,0.667,244,0.3,72.08
2,zone_006,16,summer,0.305,8,9.0,1000,0,0.635,81,0.161,33.71
1,zone_002,34,monsoon,0.676,10,5.9,1500,2,0.646,249,0.219,67.18
2,zone_004,50,winter,0.183,8,9.5,500,1,0.829,16,0.165,20.55
1,zone_005,2,winter,0.11,8,10.5,1000,0,0.678,117,0.278,34.22
3,zone_002,48,winter,0.095,10,5.6,2000,0,0.763,11,0.231,51.02
1,zone_003,26,monsoon,0.768,8,6.7,2500,0,0.479,287,0.381,79.0
2,zone_002,35,monsoon,0.794,16,8.8,1000,1,0.452,98,0.258,52.16
2,zone_004,16,summer,0.282,8,4.9,1500,1,0.693,189,0.231,45.14
3,zone_001,13,summer,0.274,14,9.3,1500,0,0.802,268,0.186,48.86
2,zone_002,36,monsoon,0.567,8,11.5,1500,1,0.376,175,0.221,56.48
1,zone_003,5,winter,0.077,8,5.3,2000,1,0.78,164,0.386,70.0
2,zone_006,14,summer,0.289,6,4.7,1500,1,0.709,38,0.201,47.05
3,zone_002,5,winter,0.069,6,9.8,1000,0,0.695,65,0.214,27.48
3,zone_004,29,monsoon,0.554,10,10.8,2000,1,0.716,396,0.182,68.15
1,zone_006,17,summer,0.275,6,6.6,1500,0,0.815,305,0.205,50.4
3,zone_002,27,monsoon,0.502,16,7.0,2500,1,0.906,158,0.294,79.0
1,zone_005,34,monsoon,0.647,18,6.8,1500,0,0.771,730,0.337,59.72
2,zone_005,40,spring,0.178,16,9.5,1000,0,0.751,24,0.267,37.16
1,zone_006,13,summer,0.213,8,8.1,500,3,0.661,380,0.165,27.0
2,zone_001,32,monsoon,0.464,10,5.5,2000,0,0.858,102,0.13,65.76
1,zone_006,1,winter,0.081,14,11.6,2500,1,0.843,83,0.229,79.0
3,zone_002,25,monsoon,0.404,8,6.4,500,1,0.649,41,0.245,21.62
3,zone_003,42,spring,0.164,14,5.7,1500,2,0.835,45,0.395,50.77
1,zone_004,25,monsoon,0.562,8,9.0,1500,2,0.439,28,0.174,65.35
3,zone_004,5,winter,0.093,8,9.3,500,3,0.95,28,0.23,19.63
3,zone_003,43,spring,0.175,18,9.7,1500,2,0.809,107,0.388,39.78
3,zone_005,20,summer,0.161,22,8.1,1000,1,0.778,302,0.297,32.51
1,zone_004,34,monsoon,0.728,6,7.7,1000,0,0.829,147,0.162,47.11
2,zone_006,21,summer,0.166,6,4.2,1000,0,0.905,23,0.191,30.06
3,zone_004,44,spring,0.158,18,11.2,1000,3,0.662,65,0.19,34.03
1,zone_005,35,monsoon,0.433,6,7.5,1500,0,0.664,579,0.283,55.93
3,zone_001,2,winter,0.191,14,8.6,1500,2,0.506,403,0.196,50.74
3,zone_005,4,winter,0.197,18,8.0,1500,0,0.782,189,0.287,38.84
1,zone_001,1,winter,0.102,8,10.3,1500,2,0.922,60,0.101,51.26
2,zone_002,48,winter,0.195,10,10.9,500,2,0.791,100,0.287,21.67
3,zone_003,18,summer,0.2,8,11.2,2500,0,0.424,266,0.305,63.92
1,zone_001,7,winter,0.097,10,6.6,1000,0,0.917,730,0.124,34.72
2,zone_004,39,spring,0.202,6,8.8,2000,0,0.784,612,0.157,57.0
1,zone_005,2,winter,0.069,8,5.9,1000,0,0.806,730,0.345,35.31
1,zone_006,35,monsoon,0.507,10,10.2,2000,1,0.672,1,0.171,79.0
2,zone_002,22,summer,0.211,16,6.4,1500,3,0.603,278,0.257,58.18
2,zone_005,26,monsoon,0.632,18,8.6,1500,1,0.963,140,0.282,49.48
2,zone_001,45,spring,0.23,14,4.8,2000,2,0.687,122,0.153,76.15
2,zone_005,37,monsoon,0.574,8,8.4,500,2,0.988,209,0.337,26.03
2,zone_003,30,monsoon,0.445,6,6.1,500,0,0.851,247,0.311,22.81
1,zone_005,51,winter,0.116,10,10.3,1500,2,0.956,19,0.318,52.45
2,zone_003,31,monsoon,0.502,16,10.0,1500,0,0.596,390,0.346,60.31
3,zone_002,12,winter,0.11,18,6.7,2500,3,0.727,219,0.21,66.82
1,zone_005,16,summer,0.242,6,9.4,2000,0,0.675,21,0.341,74.34
3,zone_004,8,winter,0.177,8,6.7,1500,0,0.8,40,0.156,37.68
3,zone_006,28,monsoon,0.444,8,12.0,1500,0,0.774,364,0.202,42.91
3,zone_002,36,monsoon,0.514,14,6.4,2000,1,0.922,77,0.278,71.83
2,zone_002,12,winter,0.151,10,11.6,1000,0,0.493,49,0.262,30.33
2,zone_002,35,monsoon,0.79,8,5.7,2000,0,0.938,136,0.291,75.64
1,zone_003,18,summer,0.347,18,4.4,2000,1,0.746,157,0.368,75.81
2,zone_004,35,monsoon,0.521,6,5.2,500,0,0.807,36,0.242,23.9
1,zone_001,18,summer,0.257,14,9.5,1500,0,0.645,357,0.199,59.94
2,zone_006,14,summer,0.346,22,9.5,1000,1,0.76,112,0.174,39.27
3,zone_002,32,monsoon,0.776,6,11.0,2000,0,0.743,255,0.226,69.33
1,zone_005,4,winter,0.144,6,10.6,1000,1,0.753,730,0.271,36.76
2,zone_004,52,winter,0.187,10,10.4,500,2,0.811,95,0.159,21.74
3,zone_006,4,winter,0.112,6,11.9,2000,0,0.568,370,0.175,54.25
2,zone_003,25,monsoon,0.701,10,5.0,1500,0,0.605,98,0.389,54.33
2,zone_003,39,spring,0.237,6,9.0,500,1,0.893,427,0.396,20.6
2,zone_003,5,winter,0.102,6,9.5,2500,1,0.584,31,0.388,70.31
3,zone_002,32,monsoon,0.484,8,9.0,2000,0,0.591,133,0.22,63.05
1,zone_001,26,monsoon,0.577,6,6.3,2000,1,0.697,49,0.125,79.0
2,zone_002,39,spring,0.24,14,11.2,1500,0,0.947,10,0.247,51.22
3,zone_002,34,monsoon,0.45,8,4.2,2000,0,0.804,655,0.296,58.0
2,zone_001,27,monsoon,0.402,8,4.8,1500,0,0.831,322,0.185,45.71
1,zone_002,41,spring,0.103,18,11.7,1000,0,0.396,34,0.279,37.72
1,zone_003,26,monsoon,0.76,14,5.1,500,1,0.61,48,0.381,37.91
2,zone_006,5,winter,0.093,22,4.4,500,1,0.813,219,0.212,22.06
2,zone_005,20,summer,0.25,6,9.5,1500,1,0.864,189,0.266,46.14
2,zone_005,34,monsoon,0.651,8,10.4,2000,2,0.757,18,0.292,79.0
3,zone_006,32,monsoon,0.706,6,7.6,500,0,0.726,77,0.206,23.6
1,zone_004,26,monsoon,0.418,8,7.6,500,1,0.976,150,0.208,27.56
1,zone_002,23,summer,0.218,6,8.4,1500,4,0.635,22,0.278,59.03
2,zone_001,16,summer,0.288,18,6.3,500,0,0.897,137,0.128,21.17
1,zone_005,38,monsoon,0.568,16,6.7,1500,0,0.583,256,0.282,74.17
1,zone_001,14,summer,0.249,6,5.6,2500,1,0.934,215,0.199,79.0
2,zone_003,30,monsoon,0.445,6,12.0,2000,1,0.827,282,0.354,65.16
1,zone_004,4,winter,0.155,6,10.8,1500,2,0.719,103,0.249,51.87
2,zone_003,39,spring,0.109,6,4.3,2000,1,0.821,93,0.325,58.68
2,zone_003,35,monsoon,0.422,6,4.4,1500,0,0.244,37,0.32,49.15
2,zone_001,32,monsoon,0.447,22,4.2,2000,1,0.782,305,0.194,79.0
1,zone_001,18,summer,0.318,8,4.6,2000,0,0.773,59,0.134,72.56
1,zone_002,45,spring,0.204,8,11.5,500,0,0.799,89,0.241,24.7
1,zone_006,50,winter,0.193,6,6.8,1500,1,0.691,87,0.172,51.76
2,zone_006,34,monsoon,0.618,14,10.1,1500,0,0.796,38,0.164,56.47
2,zone_003,19,summer,0.274,14,10.7,1000,0,0.757,20,0.33,39.11
1,zone_001,47,spring,0.11,10,8.7,1500,0,0.866,165,0.176,47.53
1,zone_005,17,summer,0.236,22,7.6,500,0,0.659,86,0.258,29.27
1,zone_003,48,winter,0.116,10,10.2,1000,0,0.627,89,0.352,36.76
1,zone_001,33,monsoon,0.773,14,8.6,1500,0,0.122,16,0.119,79.0
2,zone_004,10,winter,0.058,6,9.7,1500,1,0.839,67,0.175,41.1
2,zone_003,23,summer,0.234,6,6.2,2500,1,0.782,507,0.397,74.31
2,zone_005,13,summer,0.285,6,7.7,1000,1,0.878,354,0.316,32.69
3,zone_006,27,monsoon,0.61,14,8.7,2500,0,0.606,445,0.203,79.0
3,zone_005,50,winter,0.114,14,9.8,1500,0,0.448,502,0.294,46.37
3,zone_002,20,summer,0.342,14,8.2,500,0,0.859,42,0.213,22.82
3,zone_001,39,spring,0.214,10,11.9,1500,0,0.918,291,0.127,37.57
2,zone_003,10,winter,0.182,10,10.2,1500,1,0.937,256,0.303,42.64
2,zone_003,40,spring,0.165,8,8.8,500,0,0.406,255,0.323,21.64
3,zone_004,30,monsoon,0.78,8,10.5,500,1,0.627,208,0.247,25.66
3,zone_005,17,summer,0.173,10,5.0,1500,1,0.827,96,0.292,39.82
2,zone_002,7,winter,0.112,8,11.7,500,0,0.452,16,0.247,19.56
1,zone_004,36,monsoon,0.624,8,6.8,2500,0,0.605,46,0.204,79.0
2,zone_005,2,winter,0.194,14,11.3,2000,1,0.856,78,0.272,75.99
3,zone_003,29,monsoon,0.425,14,9.0,2500,1,0.911,277,0.332,79.0
1,zone_003,18,summer,0.155,8,8.4,500,0,0.569,225,0.319,25.12
1,zone_006,37,monsoon,0.536,14,8.4,1500,0,0.855,139,0.196,70.04
3,zone_002,18,summer,0.238,8,9.8,1000,0,0.587,131,0.239,30.8
1,zone_004,29,monsoon,0.761,8,8.4,2500,0,0.909,459,0.228,79.0
1,zone_001,45,spring,0.109,14,8.2,1500,1,0.682,302,0.177,63.32
1,zone_006,11,winter,0.102,14,7.5,2000,3,0.798,226,0.153,79.0
2,zone_003,15,summer,0.203,14,5.5,2000,0,0.972,176,0.352,65.91
1,zone_005,11,winter,0.134,8,10.5,1000,1,0.608,65,0.315,39.82
1,zone_004,31,monsoon,0.629,14,8.2,2000,0,0.743,145,0.203,79.0
1,zone_005,43,spring,0.131,16,10.4,1500,0,0.529,188,0.288,58.52
1,zone_004,27,monsoon,0.521,10,10.5,2500,1,0.755,347,0.236,79.0
1,zone_006,47,spring,0.135,8,10.2,500,1,0.748,651,0.211,24.48
1,zone_001,10,winter,0.102,6,8.5,2500,0,0.64,129,0.199,79.0
1,zone_003,5,winter,0.093,10,6.4,500,0,0.588,67,0.328,22.77
1,zone_002,41,spring,0.182,10,8.2,1500,0,0.649,184,0.281,48.21
1,zone_002,10,winter,0.058,8,7.9,1500,0,0.68,349,0.23,46.38
1,zone_001,28,monsoon,0.785,8,4.8,1500,0,0.793,321,0.174,61.74
1,zone_003,50,winter,0.166,6,4.1,2000,1,0.59,730,0.397,72.0
3,zone_002,32,monsoon,0.485,14,7.2,2500,0,0.892,34,0.297,79.0
1,zone_002,34,monsoon,0.434,18,5.5,1500,0,0.442,480,0.263,55.15
3,zone_003,31,monsoon,0.431,10,6.4,1000,0,0.562,193,0.334,33.43
2,zone_002,38,monsoon,0.476,16,6.1,2000,0,0.691,46,0.236,77.75
2,zone_005,41,spring,0.235,18,7.1,1500,2,0.918,7,0.314,44.4
1,zone_001,36,monsoon,0.721,18,7.9,1500,1,0.828,483,0.162,62.87
3,zone_003,21,summer,0.32,18,8.4,1500,0,0.569,143,0.316,39.53
2,zone_005,28,monsoon,0.707,10,6.5,2000,2,0.841,428,0.252,79.0
2,zone_004,3,winter,0.12,18,9.1,1500,0,0.755,409,0.192,41.1
3,zone_005,15,summer,0.244,6,8.8,500,0,0.223,295,0.254,19.98
2,zone_001,46,spring,0.149,10,11.0,500,1,0.708,34,0.19,20.87
2,zone_002,49,winter,0.173,8,9.3,1000,0,0.391,21,0.268,31.81
1,zone_001,39,spring,0.191,14,4.2,500,1,0.66,391,0.17,30.42
1,zone_004,46,spring,0.193,6,4.1,2000,0,0.348,730,0.165,76.99
1,zone_005,25,monsoon,0.602,6,11.5,500,2,0.876,126,0.277,30.6
3,zone_002,14,summer,0.261,8,7.7,500,0,0.935,98,0.224,19.25
2,zone_004,23,summer,0.275,6,8.0,1000,1,0.805,113,0.198,33.99
1,zone_003,22,summer,0.212,6,4.7,2500,1,0.965,54,0.389,79.0
1,zone_004,10,winter,0.079,8,7.9,1500,2,0.742,309,0.181,50.62
1,zone_005,28,monsoon,0.445,16,7.9,2000,1,0.605,161,0.303,79.0
1,zone_003,45,spring,0.194,14,5.0,2500,0,0.515,280,0.322,79.0
2,zone_004,19,summer,0.171,22,11.1,1000,1,0.573,105,0.213,38.98
2,zone_003,6,winter,0.163,8,11.2,2000,0,0.502,211,0.346,59.9
1,zone_004,44,spring,0.12,8,7.9,1500,1,0.795,283,0.226,51.24
3,zone_004,41,spring,0.134,10,6.1,2000,2,0.635,285,0.192,60.99
3,zone_005,40,spring,0.228,16,4.8,500,0,0.778,155,0.347,21.89
3,zone_002,4,winter,0.135,8,8.5,500,1,0.575,35,0.275,20.37
3,zone_004,50,winter,0.154,16,4.4,1500,1,0.879,730,0.248,47.91
3,zone_003,6,winter,0.173,8,6.6,2000,0,0.977,26,0.315,48.59
1,zone_001,30,monsoon,0.573,16,11.9,1500,0,0.817,598,0.155,67.58
3,zone_006,25,monsoon,0.426,14,8.7,2000,1,0.414,14,0.156,79.0
2,zone_001,50,winter,0.073,8,10.2,1000,0,0.59,52,0.161,29.84
1,zone_003,27,monsoon,0.697,14,5.9,500,1,0.892,110,0.313,34.98
2,zone_005,43,spring,0.217,10,9.2,500,0,0.541,53,0.277,21.61
1,zone_002,17,summer,0.296,6,10.8,1500,0,0.476,70,0.226,52.24
1,zone_005,19,summer,0.287,14,8.0,2000,2,0.822,255,0.258,79.0
2,zone_006,28,monsoon,0.696,16,5.0,500,1,0.56,175,0.181,32.5
1,zone_001,17,summer,0.168,8,6.8,1500,0,0.745,24,0.162,48.54
1,zone_004,52,winter,0.12,8,4.8,1000,1,0.939,4,0.24,35.01
1,zone_001,36,monsoon,0.451,14,4.6,500,1,0.53,24,0.154,34.89
1,zone_003,41,spring,0.114,8,11.9,2500,0,0.674,405,0.383,79.0
2,zone_001,29,monsoon,0.534,8,4.2,1500,2,0.713,258,0.108,54.56
1,zone_002,33,monsoon,0.725,22,11.1,2500,2,0.766,403,0.295,79.0
2,zone_005,33,monsoon,0.51,16,5.8,1500,0,0.603,136,0.346,60.36
2,zone_004,42,spring,0.136,16,4.5,1000,1,0.433,158,0.214,39.17
1,zone_003,25,monsoon,0.49,10,10.7,2000,1,0.832,178,0.399,79.0
1,zone_004,25,monsoon,0.501,16,9.6,2500,0,0.387,41,0.201,79.0
3,zone_006,35,monsoon,0.652,8,6.3,1000,0,0.557,604,0.192,35.97
1,zone_006,4,winter,0.137,14,11.3,2000,1,0.824,147,0.137,79.0
3,zone_003,16,summer,0.329,6,11.9,1000,0,0.538,77,0.367,30.08
2,zone_006,41,spring,0.132,8,5.4,2500,0,0.921,709,0.174,68.05
2,zone_001,3,winter,0.154,10,9.2,2000,0,0.7,78,0.198,59.28
1,zone_006,50,winter,0.143,6,4.2,1500,0,0.624,144,0.15,48.36
2,zone_002,22,summer,0.264,16,10.5,1000,0,0.575,368,0.23,38.87
2,zone_003,16,summer,0.295,16,7.3,2000,0,0.687,68,0.327,77.94
1,zone_004,35,monsoon,0.622,14,8.0,1000,0,0.745,30,0.238,53.12
1,zone_003,51,winter,0.177,18,6.1,2000,0,0.812,83,0.301,68.2
1,zone_001,13,summer,0.223,8,7.6,500,1,0.604,534,0.101,26.87
3,zone_006,48,winter,0.113,14,7.7,2000,0,0.656,165,0.182,64.3
2,zone_004,37,monsoon,0.453,16,11.9,1000,0,0.854,166,0.217,42.83
2,zone_002,52,winter,0.052,6,8.6,2500,3,0.631,390,0.23,79.0
1,zone_002,19,summer,0.276,14,7.5,2500,1,0.422,382,0.25,79.0
1,zone_005,33,monsoon,0.572,14,9.8,500,1,0.804,730,0.282,33.84
1,zone_004,28,monsoon,0.742,8,4.2,1000,0,0.854,58,0.244,46.89
2,zone_002,17,summer,0.258,14,8.5,2000,1,0.732,335,0.204,76.84
2,zone_003,37,monsoon,0.762,16,7.8,1500,0,0.605,51,0.387,61.63
3,zone_001,30,monsoon,0.658,8,10.7,1500,0,0.271,105,0.129,47.32
2,zone_001,6,winter,0.106,6,7.4,2500,0,0.776,188,0.187,63.31
2,zone_006,4,winter,0.108,8,10.0,500,1,0.856,131,0.187,20.82
1,zone_003,52,winter,0.156,10,11.2,2500,0,0.844,284,0.348,75.94
1,zone_001,23,summer,0.168,16,9.4,2000,0,0.602,128,0.164,79.0
2,zone_006,20,summer,0.213,8,9.1,500,1,0.823,7,0.175,20.46
1,zone_005,6,winter,0.183,6,8.5,1500,0,0.634,16,0.319,51.51
3,zone_002,31,monsoon,0.733,6,4.3,2000,0,0.878,64,0.203,64.73
3,zone_003,30,monsoon,0.655,6,11.2,1500,0,0.719,44,0.321,47.06
1,zone_004,10,winter,0.098,16,6.4,1500,0,0.748,649,0.213,55.31
1,zone_002,20,summer,0.297,8,6.8,2500,0,0.695,224,0.206,79.0
3,zone_004,35,monsoon,0.609,8,6.4,2000,0,0.529,177,0.195,67.67
1,zone_004,8,winter,0.173,6,8.9,1000,4,0.549,570,0.239,43.32
2,zone_005,47,spring,0.141,10,9.7,1500,0,0.744,88,0.268,41.38
1,zone_004,52,winter,0.115,8,11.5,1000,0,0.857,27,0.222,33.25
1,zone_001,22,summer,0.261,14,8.3,2500,1,0.681,151,0.142,79.0
1,zone_006,22,summer,0.225,8,8.5,500,0,0.595,56,0.211,25.68
1,zone_003,4,winter,0.187,22,7.4,1000,1,0.814,80,0.374,42.87
3,zone_006,25,monsoon,0.718,22,9.4,2500,0,0.713,6,0.182,79.0
2,zone_006,5,winter,0.169,6,6.5,1500,1,0.559,160,0.201,43.02
1,zone_003,47,spring,0.138,10,10.6,500,2,0.412,658,0.313,27.03
2,zone_006,39,spring,0.103,16,4.9,2500,1,0.794,730,0.15,79.0
1,zone_001,43,spring,0.11,22,6.3,500,0,0.628,100,0.134,26.35
1,zone_005,29,monsoon,0.676,10,9.5,500,1,0.883,126,0.337,31.04
3,zone_005,29,monsoon,0.623,8,8.1,1500,0,0.907,20,0.34,43.53
2,zone_002,15,summer,0.268,10,5.6,1500,2,0.811,33,0.271,47.83
1,zone_005,15,summer,0.284,8,8.7,2500,3,0.318,730,0.311,79.0
1,zone_003,12,winter,0.053,16,4.1,1500,0,0.742,14,0.359,55.62
2,zone_003,31,monsoon,0.456,14,5.4,1000,0,0.723,467,0.367,43.58
2,zone_004,50,winter,0.168,6,8.2,2000,3,0.794,26,0.209,68.18
3,zone_003,3,winter,0.142,22,9.1,2000,2,0.849,47,0.367,66.37
2,zone_006,6,winter,0.114,6,8.5,1000,0,0.842,35,0.142,28.07
1,zone_001,31,monsoon,0.418,14,11.0,500,0,0.851,445,0.147,31.35
3,zone_001,16,summer,0.197,10,8.1,2000,0,0.601,114,0.14,56.3
2,zone_006,34,monsoon,0.468,8,8.6,1500,1,0.753,730,0.163,49.78
1,zone_005,6,winter,0.195,14,5.4,500,1,0.872,379,0.335,29.27
3,zone_006,7,winter,0.114,6,4.0,1500,0,0.59,95,0.177,38.06
3,zone_006,36,monsoon,0.507,14,4.0,2000,0,0.943,81,0.203,72.24
1,zone_003,45,spring,0.198,8,5.4,1500,2,0.641,116,0.394,53.42
2,zone_003,24,monsoon,0.783,8,11.7,2500,0,0.918,3,0.322,79.0
2,zone_005,40,spring,0.208,14,8.2,2000,0,0.981,76,0.254,65.88
3,zone_001,14,summer,0.337,6,10.4,2000,2,0.928,406,0.155,61.51
3,zone_006,29,monsoon,0.676,16,4.9,1000,3,0.871,88,0.146,46.51
3,zone_005,6,winter,0.066,10,9.6,1500,0,0.753,104,0.308,34.5
1,zone_006,4,winter,0.193,14,9.3,2000,0,0.607,324,0.215,79.0
3,zone_005,45,spring,0.154,6,5.3,2500,1,0.784,672,0.318,66.74
1,zone_005,42,spring,0.173,8,5.6,2500,0,0.773,62,0.283,79.0
1,zone_004,26,monsoon,0.463,8,4.8,500,1,0.706,31,0.224,28.85
2,zone_005,11,winter,0.129,8,8.2,1500,0,0.737,104,0.319,39.61
2,zone_004,41,spring,0.163,18,11.9,500,0,0.909,185,0.178,20.23
1,zone_003,47,spring,0.136,18,8.3,2500,2,0.811,108,0.355,79.0
2,zone_005,48,winter,0.064,14,5.7,1000,0,0.932,154,0.27,32.81
3,zone_003,19,summer,0.232,6,8.0,1500,1,0.799,29,0.35,39.08
1,zone_002,19,summer,0.292,10,5.2,500,1,0.363,18,0.222,27.23
2,zone_001,12,winter,0.052,8,4.0,1000,0,0.595,197,0.178,30.25
2,zone_005,27,monsoon,0.745,14,5.7,1500,1,0.68,6,0.276,69.3
3,zone_005,2,winter,0.083,8,10.9,2000,0,0.863,271,0.275,49.64
1,zone_006,28,monsoon,0.579,6,7.4,1000,0,0.773,192,0.206,42.9
3,zone_003,2,winter,0.162,6,10.2,2000,0,0.88,266,0.311,53.19
1,zone_004,26,monsoon,0.636,6,4.2,1000,2,0.684,82,0.161,47.97
3,zone_002,30,monsoon,0.743,8,9.3,1500,1,0.659,11,0.214,51.71
2,zone_002,20,summer,0.251,6,7.8,2000,0,0.759,107,0.277,57.58
1,zone_005,7,winter,0.11,16,6.8,1500,1,0.969,730,0.263,55.14
3,zone_002,16,summer,0.28,8,7.1,1000,0,0.904,8,0.25,28.82
3,zone_001,41,spring,0.186,18,5.9,2000,0,0.739,9,0.192,53.29
1,zone_001,24,monsoon,0.593,6,5.7,500,1,0.829,2,0.17,29.2
2,zone_005,29,monsoon,0.54,18,5.1,1500,0,0.813,175,0.294,45.61
1,zone_004,38,monsoon,0.424,8,7.2,1000,0,0.804,139,0.155,41.97
2,zone_004,2,winter,0.187,16,10.0,1500,1,0.529,300,0.237,52.87
1,zone_001,25,monsoon,0.79,14,9.9,500,3,0.783,109,0.173,40.32
1,zone_002,52,winter,0.063,18,7.1,1000,1,0.846,56,0.258,34.85
3,zone_002,7,winter,0.166,18,4.2,1500,0,0.886,212,0.295,37.63
3,zone_001,48,winter,0.136,6,4.9,1500,0,0.839,254,0.164,35.8
3,zone_001,16,summer,0.241,14,7.0,2000,2,0.917,196,0.11,73.33
3,zone_005,52,winter,0.19,18,8.2,2000,0,0.368,137,0.308,55.68
1,zone_001,19,summer,0.16,8,4.6,500,1,0.442,72,0.152,25.85
2,zone_006,7,winter,0.069,6,6.3,1000,1,0.33,201,0.228,31.74
2,zone_002,2,winter,0.113,14,7.9,1500,0,0.725,69,0.236,50.6
2,zone_006,23,summer,0.266,18,10.5,2000,1,0.549,389,0.157,66.15
1,zone_003,24,monsoon,0.696,16,10.1,2000,0,0.959,79,0.314,79.0
3,zone_003,21,summer,0.226,6,4.8,1500,1,0.815,295,0.352,38.63
1,zone_006,16,summer,0.208,6,10.5,1000,2,0.193,184,0.229,46.41
3,zone_002,30,monsoon,0.571,18,11.7,2000,1,0.746,233,0.268,64.3
2,zone_003,26,monsoon,0.59,16,6.9,2500,1,0.329,359,0.378,79.0
2,zone_004,33,monsoon,0.656,8,9.2,1000,0,0.938,81,0.172,36.39
1,zone_003,43,spring,0.152,6,6.1,1500,0,0.602,178,0.393,47.19
1,zone_001,31,monsoon,0.467,6,9.4,1500,1,0.531,131,0.121,62.42
2,zone_003,46,spring,0.186,18,7.5,1500,1,0.85,174,0.391,44.85
1,zone_003,51,winter,0.054,8,8.3,2500,1,0.863,459,0.393,78.53
3,zone_004,27,monsoon,0.695,10,5.0,2500,1,0.733,234,0.183,79.0
2,zone_006,28,monsoon,0.597,18,7.9,1500,0,0.733,72,0.207,48.72
1,zone_003,27,monsoon,0.71,6,7.6,1500,1,0.797,74,0.352,64.55
1,zone_005,41,spring,0.246,14,6.2,2500,2,0.628,196,0.33,79.0
2,zone_001,21,summer,0.239,14,9.0,500,1,0.855,290,0.149,26.68
1,zone_004,37,monsoon,0.54,14,6.9,1500,0,0.498,47,0.238,72.32
2,zone_003,17,summer,0.345,16,5.4,2500,0,0.826,92,0.372,79.0
2,zone_006,46,spring,0.152,14,11.1,1500,0,0.937,100,0.171,47.89
1,zone_001,26,monsoon,0.431,16,10.7,1000,2,0.519,140,0.153,57.49
3,zone_004,48,winter,0.145,18,4.6,2000,1,0.756,39,0.249,56.09
2,zone_004,7,winter,0.187,8,7.7,1500,2,0.427,123,0.199,45.99
2,zone_003,3,winter,0.134,8,5.3,1500,0,0.543,222,0.375,40.41
2,zone_005,13,summer,0.27,8,8.2,1500,2,0.799,371,0.293,48.68
3,zone_003,11,winter,0.2,8,8.6,1500,0,0.885,14,0.397,35.4
2,zone_002,50,winter,0.098,8,7.6,1500,0,0.805,410,0.266,38.95
2,zone_005,36,monsoon,0.694,10,10.5,2500,2,0.743,23,0.279,79.0
3,zone_003,23,summer,0.166,6,7.5,1500,1,0.738,175,0.321,37.77
2,zone_005,18,summer,0.34,22,8.4,2500,0,0.687,636,0.264,79.0
3,zone_005,11,winter,0.086,14,6.2,1000,0,0.827,730,0.267,31.35
2,zone_002,52,winter,0.104,16,7.3,1500,2,0.679,126,0.233,51.42
1,zone_006,26,monsoon,0.588,22,4.9,2500,2,0.617,176,0.213,79.0
2,zone_005,30,monsoon,0.552,8,9.0,2000,1,0.657,253,0.324,69.78
1,zone_005,16,summer,0.26,6,5.1,2500,1,0.495,27,0.324,79.0
1,zone_006,30,monsoon,0.599,8,5.9,1000,0,0.486,136,0.151,46.5
2,zone_005,28,monsoon,0.58,22,10.8,2000,0,0.808,127,0.342,77.98
2,zone_003,14,summer,0.235,8,12.0,2500,2,0.683,184,0.38,79.0
1,zone_002,2,winter,0.07,8,9.4,2000,1,0.804,50,0.252,68.75
3,zone_004,39,spring,0.196,16,8.5,1000,0,0.513,49,0.221,36.27
2,zone_005,19,summer,0.228,6,7.2,1500,1,0.629,75,0.332,45.68
2,zone_002,32,monsoon,0.519,8,10.7,2500,0,0.518,52,0.274,79.0
3,zone_001,7,winter,0.082,14,10.4,1000,0,0.978,41,0.186,30.17
1,zone_005,50,winter,0.125,8,6.2,1000,2,0.775,344,0.27,37.71
1,zone_004,11,winter,0.162,10,10.3,2000,1,0.625,6,0.235,74.91
1,zone_002,14,summer,0.211,6,11.5,1000,0,0.715,55,0.299,36.09
2,zone_001,9,winter,0.196,18,11.1,1000,3,0.905,315,0.146,34.94
3,zone_005,36,monsoon,0.546,8,9.6,2500,1,0.685,58,0.302,74.18
1,zone_006,20,summer,0.265,18,9.2,1500,2,0.448,268,0.193,61.77
2,zone_004,14,summer,0.156,6,6.3,2000,1,0.767,397,0.198,63.61
3,zone_003,18,summer,0.265,8,6.9,500,0,0.454,33,0.379,19.77
1,zone_003,15,summer,0.348,8,9.7,500,0,0.575,207,0.397,25.32
2,zone_006,21,summer,0.166,10,6.7,1000,1,0.412,111,0.15,35.43
1,zone_004,18,summer,0.292,10,5.4,1000,1,0.745,165,0.246,39.16
2,zone_005,26,monsoon,0.512,6,8.4,1000,0,0.683,170,0.272,37.26
2,zone_001,47,spring,0.171,8,11.4,1000,3,0.732,127,0.115,34.61
3,zone_004,15,summer,0.237,8,11.0,1500,1,0.851,447,0.232,38.37
1,zone_004,23,summer,0.172,10,9.4,2000,2,0.782,143,0.194,75.48
2,zone_002,20,summer,0.309,8,6.5,2000,4,0.906,72,0.234,72.93
3,zone_001,37,monsoon,0.737,10,7.1,1000,1,0.761,187,0.122,36.84
2,zone_006,39,spring,0.168,8,7.8,2000,0,0.635,80,0.148,59.96
2,zone_006,9,winter,0.191,8,4.4,2000,1,0.688,164,0.173,65.32
2,zone_003,8,winter,0.19,10,4.1,500,1,0.517,730,0.362,23.14
3,zone_003,43,spring,0.147,16,10.9,1500,1,0.946,91,0.303,45.91
3,zone_005,20,summer,0.29,10,8.1,500,0,0.835,260,0.262,19.24
2,zone_005,13,summer,0.199,18,9.9,2000,2,0.81,200,0.308,62.72
3,zone_001,15,summer,0.294,16,7.3,500,1,0.863,133,0.198,25.02
2,zone_001,49,winter,0.086,6,11.8,1500,1,0.505,77,0.117,42.4
1,zone_003,14,summer,0.201,14,10.0,2500,1,0.348,116,0.312,79.0
2,zone_004,46,spring,0.185,10,4.3,1500,1,0.761,390,0.189,45.29
1,zone_006,48,winter,0.058,16,7.3,1000,0,0.769,494,0.143,40.85
1,zone_006,25,monsoon,0.608,6,8.1,1000,0,0.944,127,0.169,41.67
2,zone_004,35,monsoon,0.74,18,5.4,500,1,0.708,147,0.167,26.35
1,zone_005,52,winter,0.081,16,5.3,500,2,0.881,194,0.282,29.56
1,zone_002,3,winter,0.086,18,10.9,1500,1,0.3,177,0.265,52.76
3,zone_004,19,summer,0.219,8,4.1,1000,0,0.447,27,0.225,28.82
3,zone_002,50,winter,0.098,18,10.3,2500,1,0.81,249,0.293,60.32
3,zone_005,41,spring,0.108,8,10.5,1500,2,0.818,322,0.308,41.64
2,zone_002,20,summer,0.283,22,9.7,1000,2,0.757,343,0.278,41.02
1,zone_006,7,winter,0.161,16,6.2,1000,0,0.343,42,0.169,48.4
2,zone_004,33,monsoon,0.476,10,6.0,2500,0,0.795,135,0.237,79.0
2,zone_006,2,winter,0.056,6,11.3,2500,1,0.898,353,0.228,69.27
1,zone_006,31,monsoon,0.595,10,9.5,500,1,0.696,437,0.226,31.25
1,zone_006,10,winter,0.173,8,8.8,1500,0,0.908,336,0.208,48.95
2,zone_006,41,spring,0.152,6,10.6,500,0,0.737,127,0.225,20.7
1,zone_001,24,monsoon,0.569,14,6.3,2500,1,0.34,8,0.118,79.0
2,zone_005,45,spring,0.111,8,5.5,1500,0,0.61,130,0.325,39.92
1,zone_005,52,winter,0.162,16,7.0,1000,4,0.952,346,0.343,50.93
1,zone_006,27,monsoon,0.502,14,11.6,500,0,0.371,68,0.157,33.77
2,zone_005,9,winter,0.114,10,4.2,500,1,0.717,367,0.318,20.09
2,zone_002,17,summer,0.215,10,11.7,2000,1,0.641,361,0.281,63.81
1,zone_003,52,winter,0.17,14,9.7,1000,1,0.446,13,0.353,45.98
3,zone_005,41,spring,0.232,14,4.5,1000,1,0.859,163,0.336,34.55
3,zone_006,27,monsoon,0.749,8,7.3,2000,1,0.803,80,0.139,70.26
2,zone_006,12,winter,0.142,14,10.1,2500,0,0.746,114,0.17,79.0
2,zone_004,12,winter,0.107,14,4.2,1500,0,0.777,157,0.189,47.0
1,zone_002,14,summer,0.242,6,5.8,1000,0,0.802,95,0.289,35.35
2,zone_005,42,spring,0.124,8,5.8,2000,1,0.804,81,0.268,60.4
1,zone_005,42,spring,0.131,14,11.3,1500,0,0.839,153,0.325,54.63
1,zone_003,28,monsoon,0.605,18,11.0,500,0,0.668,655,0.365,29.92
2,zone_004,18,summer,0.266,14,7.2,1000,2,0.396,108,0.199,43.78
2,zone_006,18,summer,0.288,10,7.7,2500,0,0.708,183,0.148,73.39
1,zone_005,26,monsoon,0.733,14,9.8,1500,1,0.74,123,0.276,79.0
1,zone_003,40,spring,0.216,18,8.9,1000,0,0.791,121,0.307,37.91
1,zone_006,42,spring,0.119,8,10.5,2000,0,0.901,4,0.135,63.98
1,zone_006,5,winter,0.175,8,9.8,500,1,0.861,172,0.167,25.67
1,zone_002,20,summer,0.328,14,7.2,1000,1,0.426,188,0.236,50.25
3,zone_003,52,winter,0.084,6,5.3,2000,0,0.375,404,0.345,51.46
2,zone_002,10,winter,0.159,8,10.0,500,0,0.75,207,0.212,20.92
1,zone_001,48,winter,0.155,8,5.6,1000,0,0.7,639,0.15,37.87
2,zone_001,22,summer,0.167,8,4.1,2000,0,0.648,38,0.134,58.64
1,zone_006,5,winter,0.065,8,10.7,500,2,0.48,206,0.206,25.03
3,zone_006,11,winter,0.145,6,9.8,2000,1,0.661,40,0.141,58.42
1,zone_003,37,monsoon,0.502,10,11.7,1500,2,0.759,27,0.386,62.37
3,zone_002,47,spring,0.108,10,7.0,1500,1,0.833,186,0.295,37.16
1,zone_001,10,winter,0.063,22,4.3,2000,1,0.591,482,0.13,79.0
2,zone_006,14,summer,0.336,8,4.6,1000,1,0.863,16,0.216,32.67
3,zone_006,24,monsoon,0.645,6,4.5,1000,0,0.355,213,0.191,35.99
2,zone_005,37,monsoon,0.461,6,7.5,2000,0,0.677,17,0.314,66.66
3,zone_006,18,summer,0.152,10,7.3,500,2,0.69,179,0.216,20.12
1,zone_005,46,spring,0.149,22,11.3,2500,1,0.744,6,0.345,79.0
1,zone_002,46,spring,0.225,14,7.2,2000,2,0.824,106,0.216,79.0
1,zone_002,46,spring,0.233,8,9.6,1000,1,0.904,28,0.257,37.26
3,zone_003,27,monsoon,0.676,6,8.8,2000,2,0.619,141,0.322,73.75
1,zone_003,3,winter,0.199,6,5.9,2000,0,0.831,445,0.303,71.54
1,zone_004,52,winter,0.061,14,4.3,2000,1,0.45,108,0.159,79.0
1,zone_006,44,spring,0.239,16,8.6,1500,2,0.885,28,0.195,66.93
3,zone_002,36,monsoon,0.569,8,7.0,500,0,0.909,50,0.208,20.66
1,zone_001,32,monsoon,0.543,22,11.7,1500,1,0.813,33,0.144,68.39
1,zone_006,36,monsoon,0.588,16,4.8,2000,2,0.593,177,0.131,79.0
3,zone_004,24,monsoon,0.707,8,9.9,500,1,0.935,6,0.193,23.37
3,zone_004,32,monsoon,0.774,18,4.9,2500,0,0.693,206,0.24,79.0
2,zone_002,11,winter,0.099,14,8.5,1000,0,0.67,569,0.222,37.11
1,zone_001,34,monsoon,0.464,6,10.3,2000,0,0.443,39,0.176,78.51
3,zone_004,48,winter,0.137,18,4.1,1500,0,0.493,107,0.212,37.47
1,zone_006,42,spring,0.189,8,6.2,1000,0,0.734,96,0.163,35.76
2,zone_002,22,summer,0.287,14,10.7,1000,0,0.522,306,0.23,40.4
2,zone_005,30,monsoon,0.705,22,4.1,1500,0,0.549,111,0.343,59.91
2,zone_002,26,monsoon,0.597,14,6.2,1000,1,0.338,359,0.256,47.23
2,zone_003,22,summer,0.242,8,5.8,2000,0,0.648,86,0.336,63.4
2,zone_001,17,summer,0.33,8,11.6,500,0,0.623,189,0.144,22.58
3,zone_003,13,summer,0.191,18,6.1,500,0,0.603,66,0.36,19.53
3,zone_006,50,winter,0.087,22,4.1,2000,0,0.655,177,0.162,59.83
2,zone_005,41,spring,0.225,8,7.3,1000,0,0.429,730,0.297,34.21
2,zone_005,16,summer,0.162,6,10.7,2000,1,0.75,230,0.252,62.2
2,zone_003,3,winter,0.165,6,10.6,1000,2,0.228,271,0.392,37.97
2,zone_004,11,winter,0.104,22,11.6,500,0,0.547,182,0.23,22.36
1,zone_006,42,spring,0.164,16,7.0,1000,1,0.869,119,0.204,44.56
1,zone_004,2,winter,0.114,16,8.8,1500,0,0.68,104,0.151,55.84
2,zone_005,22,summer,0.277,6,9.9,1000,0,0.853,198,0.299,32.9
3,zone_002,26,monsoon,0.567,6,4.8,1500,0,0.614,243,0.226,47.45
2,zone_002,29,monsoon,0.546,6,9.4,500,1,0.745,141,0.25,25.88
3,zone_005,27,monsoon,0.447,8,11.7,1500,1,0.885,62,0.278,43.55
2,zone_006,4,winter,0.105,8,7.8,1500,0,0.396,535,0.198,41.45
2,zone_006,48,winter,0.11,16,5.2,2000,1,0.755,24,0.172,69.63
1,zone_004,35,monsoon,0.67,8,8.6,2500,3,0.838,23,0.196,79.0
3,zone_004,15,summer,0.218,10,10.7,2000,0,0.821,385,0.188,54.77
2,zone_004,29,monsoon,0.684,18,9.5,500,0,0.847,364,0.206,24.95
3,zone_004,6,winter,0.185,6,7.1,2000,2,0.734,131,0.195,58.38
2,zone_003,4,winter,0.132,22,5.4,2000,2,0.794,377,0.341,70.1
3,zone_006,6,winter,0.171,8,4.0,1500,0,0.493,67,0.208,37.84
2,zone_002,52,winter,0.096,10,8.0,500,0,0.491,397,0.253,20.35
3,zone_006,8,winter,0.122,16,10.1,1000,0,0.473,76,0.135,35.0
3,zone_001,5,winter,0.191,6,4.7,2000,3,0.902,341,0.107,61.65
2,zone_006,13,summer,0.242,8,7.7,1500,1,0.66,26,0.212,45.51
3,zone_006,24,monsoon,0.41,8,8.2,1500,0,0.885,287,0.173,38.93
1,zone_003,41,spring,0.145,18,12.0,1500,2,0.793,82,0.314,51.29
3,zone_002,34,monsoon,0.488,8,8.9,1500,0,0.79,589,0.246,40.88
2,zone_006,44,spring,0.21,6,6.3,2000,1,0.222,216,0.163,67.06
2,zone_001,34,monsoon,0.479,6,8.3,1500,0,0.931,292,0.116,46.9
3,zone_004,10,winter,0.053,22,5.5,2000,1,0.883,469,0.231,57.8
3,zone_001,13,summer,0.209,8,7.5,1000,2,0.742,266,0.122,30.99
2,zone_002,47,spring,0.236,10,9.6,500,1,0.938,2,0.202,20.05
1,zone_006,34,monsoon,0.488,22,6.4,500,2,0.957,219,0.217,34.53
2,zone_006,44,spring,0.163,16,9.4,2000,1,0.504,452,0.188,76.43
1,zone_004,35,monsoon,0.442,22,11.5,1000,0,0.937,282,0.181,47.42
2,zone_004,48,winter,0.168,16,6.3,1000,1,0.815,503,0.203,36.72
2,zone_001,46,spring,0.114,6,4.1,1500,3,0.827,165,0.112,45.82
1,zone_006,25,monsoon,0.764,6,10.5,2500,1,0.666,80,0.192,79.0
3,zone_001,33,monsoon,0.571,14,10.9,1500,0,0.622,164,0.14,55.49
1,zone_001,9,winter,0.101,8,4.5,2000,1,0.382,302,0.148,73.81
1,zone_004,29,monsoon,0.641,8,11.4,2500,3,0.714,730,0.18,79.0
1,zone_002,35,monsoon,0.697,16,9.5,1500,0,0.516,495,0.228,73.34
1,zone_006,52,winter,0.106,6,4.8,1000,0,0.882,372,0.214,33.85
1,zone_005,32,monsoon,0.544,6,5.3,500,2,0.243,56,0.318,34.54
1,zone_003,11,winter,0.115,8,4.2,1500,2,0.871,687,0.372,50.81
1,zone_005,11,winter,0.073,22,4.3,2500,0,0.58,212,0.258,79.0
3,zone_003,40,spring,0.239,8,11.0,1500,2,0.92,38,0.307,40.99
2,zone_005,29,monsoon,0.519,10,9.3,500,0,0.475,634,0.272,23.34
1,zone_004,3,winter,0.163,8,5.6,1500,1,0.786,227,0.173,48.79
2,zone_003,39,spring,0.235,14,8.1,1500,0,0.508,42,0.303,54.07
2,zone_006,7,winter,0.098,10,7.3,500,1,0.678,288,0.188,20.94
1,zone_002,24,monsoon,0.43,8,9.0,1500,1,0.783,191,0.219,55.24
3,zone_004,26,monsoon,0.664,8,6.1,2500,1,0.689,41,0.161,79.0
1,zone_006,50,winter,0.061,10,10.4,2000,1,0.651,221,0.176,70.62
1,zone_002,2,winter,0.067,6,6.8,2000,1,0.698,38,0.247,70.5
1,zone_001,8,winter,0.069,8,7.4,1500,0,0.936,16,0.139,43.53
1,zone_001,7,winter,0.132,8,6.8,1500,2,0.679,730,0.166,54.37
1,zone_001,8,winter,0.133,16,8.1,1500,0,0.673,12,0.191,56.52
1,zone_006,49,winter,0.195,18,11.3,2000,1,0.928,730,0.217,73.49
3,zone_003,52,winter,0.158,8,9.0,1500,1,0.959,125,0.31,37.2
1,zone_004,49,winter,0.089,18,6.8,1000,0,0.561,287,0.154,37.63
1,zone_001,41,spring,0.114,6,4.3,500,0,0.702,153,0.18,23.58
1,zone_006,4,winter,0.13,16,11.9,1500,1,0.84,188,0.142,61.98
1,zone_005,31,monsoon,0.683,8,7.1,2000,1,0.682,108,0.279,79.0
3,zone_001,30,monsoon,0.433,6,7.4,1500,2,0.382,96,0.194,49.63
1,zone_003,38,monsoon,0.764,8,8.0,2500,0,0.477,75,0.368,79.0
2,zone_005,10,winter,0.051,22,7.5,2500,0,0.737,23,0.341,72.72
2,zone_004,47,spring,0.232,22,6.7,500,0,0.753,78,0.184,24.18
2,zone_001,32,monsoon,0.448,6,4.4,2500,1,0.77,132,0.179,79.0
3,zone_003,41,spring,0.138,8,4.6,1500,0,0.583,378,0.395,38.3
1,zone_001,31,monsoon,0.747,18,9.5,1500,0,0.732,120,0.102,64.01
3,zone_001,26,monsoon,0.784,6,9.9,500,0,0.654,203,0.13,23.95
1,zone_003,51,winter,0.136,14,5.0,500,1,0.776,383,0.372,29.94
2,zone_005,45,spring,0.24,14,6.1,1500,0,0.518,41,0.256,52.78
1,zone_004,48,winter,0.105,8,11.8,1000,0,0.898,33,0.208,35.46
1,zone_002,20,summer,0.325,16,4.1,2000,0,0.766,68,0.217,79.0
3,zone_006,35,monsoon,0.518,8,5.7,500,1,0.785,228,0.165,21.53
1,zone_002,39,spring,0.228,8,4.5,2000,0,0.739,81,0.213,67.8
3,zone_004,25,monsoon,0.617,16,10.7,2000,0,0.917,218,0.246,72.25
3,zone_003,30,monsoon,0.508,8,6.9,2500,1,0.745,124,0.39,74.3
3,zone_004,31,monsoon,0.792,8,5.9,1000,1,0.944,154,0.235,34.85
3,zone_003,5,winter,0.143,14,6.4,1500,1,0.419,730,0.33,50.0
2,zone_005,11,winter,0.094,16,7.1,1500,2,0.819,158,0.299,51.02
2,zone_005,41,spring,0.155,6,8.6,500,0,0.827,14,0.313,20.09
2,zone_005,43,spring,0.135,10,7.1,500,1,0.941,209,0.297,20.27
1,zone_004,42,spring,0.158,10,8.8,2500,1,0.67,350,0.208,79.0
2,zone_006,26,monsoon,0.626,14,7.4,500,0,0.919,77,0.186,27.76
1,zone_005,30,monsoon,0.47,16,6.3,2000,2,0.915,386,0.308,79.0
1,zone_005,33,monsoon,0.777,16,10.8,2500,1,0.907,153,0.343,79.0
3,zone_005,42,spring,0.173,8,8.8,1500,0,0.643,429,0.267,37.22
1,zone_005,6,winter,0.128,18,9.1,1000,1,0.775,256,0.312,35.93
3,zone_002,28,monsoon,0.455,10,6.1,2000,1,0.697,79,0.216,61.36
2,zone_005,42,spring,0.237,16,4.5,1500,0,0.609,6,0.301,53.56
1,zone_001,10,winter,0.096,8,6.6,1500,0,0.933,513,0.175,46.46
2,zone_005,33,monsoon,0.475,18,6.0,500,1,0.722,11,0.316,25.03
1,zone_002,29,monsoon,0.485,8,5.2,1500,0,0.765,547,0.23,54.99
2,zone_003,3,winter,0.077,8,7.7,1500,0,0.729,455,0.314,38.69
2,zone_001,51,winter,0.154,8,9.5,1500,1,0.36,64,0.138,45.32
1,zone_001,40,spring,0.171,14,10.1,1000,2,0.864,101,0.151,49.35
1,zone_006,15,summer,0.225,8,7.3,1500,0,0.85,32,0.209,49.71
1,zone_004,45,spring,0.112,14,7.4,1500,0,0.741,54,0.239,59.79
3,zone_001,1,winter,0.073,10,8.3,1500,2,0.82,24,0.165,40.37
3,zone_005,26,monsoon,0.56,10,10.2,1000,0,0.754,92,0.258,34.43
2,zone_001,20,summer,0.283,10,5.6,2000,1,0.632,74,0.195,67.51
2,zone_002,50,winter,0.075,22,7.0,500,1,0.613,398,0.26,23.95
3,zone_006,52,winter,0.133,22,12.0,500,1,0.958,409,0.151,20.8
3,zone_004,52,winter,0.11,6,5.0,1000,2,0.64,194,0.156,30.52
3,zone_001,47,spring,0.22,14,5.7,500,2,0.914,74,0.144,23.11
1,zone_001,42,spring,0.185,10,7.6,2500,0,0.903,167,0.197,79.0
3,zone_001,22,summer,0.324,6,9.1,2000,0,0.662,37,0.107,57.23
3,zone_006,23,summer,0.339,6,7.7,500,2,0.842,404,0.167,20.38
3,zone_002,3,winter,0.192,8,4.1,1500,2,0.914,39,0.296,41.14
3,zone_006,20,summer,0.345,10,10.9,2500,1,0.768,89,0.172,67.98
1,zone_001,35,monsoon,0.615,8,9.1,2000,0,0.754,206,0.118,79.0
3,zone_006,26,monsoon,0.769,10,6.6,500,0,0.405,108,0.147,23.85
2,zone_001,26,monsoon,0.493,16,4.7,1000,1,0.804,63,0.198,43.05
2,zone_004,7,winter,0.091,6,7.9,2000,0,0.671,22,0.241,59.72
1,zone_005,3,winter,0.103,8,10.6,2000,0,0.797,587,0.253,63.18
1,zone_006,24,monsoon,0.592,14,8.5,1000,1,0.747,37,0.217,54.08
3,zone_005,26,monsoon,0.63,6,6.1,2000,1,0.562,83,0.345,70.9
2,zone_002,23,summer,0.285,18,10.5,1000,0,0.988,243,0.23,31.84
1,zone_001,45,spring,0.181,18,4.5,1500,1,0.672,98,0.163,52.47
3,zone_006,38,monsoon,0.541,10,10.9,2500,0,0.828,112,0.161,71.34
1,zone_005,6,winter,0.062,8,11.7,1000,1,0.612,52,0.304,36.03
2,zone_006,13,summer,0.167,8,10.8,1500,0,0.577,286,0.2,41.35
1,zone_002,10,winter,0.051,8,6.2,1500,0,0.855,259,0.221,45.02
2,zone_001,29,monsoon,0.554,14,11.5,1500,0,0.899,200,0.112,55.57
2,zone_003,47,spring,0.23,18,10.7,500,1,0.797,67,0.325,21.95
1,zone_002,12,winter,0.198,8,9.1,2500,0,0.848,30,0.29,78.41
1,zone_001,26,monsoon,0.579,16,10.4,2000,0,0.799,347,0.164,79.0
2,zone_001,16,summer,0.213,10,9.2,1500,1,0.913,4,0.114,43.78
2,zone_005,4,winter,0.084,6,7.5,500,0,0.656,525,0.285,19.3
2,zone_003,41,spring,0.198,16,7.7,1500,1,0.636,11,0.381,56.33
3,zone_005,19,summer,0.209,6,6.9,1500,0,0.487,52,0.298,39.55
3,zone_004,4,winter,0.184,14,9.9,500,1,0.817,52,0.231,22.21
3,zone_003,37,monsoon,0.534,10,9.3,500,1,0.645,103,0.355,23.83
2,zone_001,10,winter,0.166,8,9.8,1500,0,0.739,236,0.177,42.94
1,zone_004,21,summer,0.277,16,9.6,1000,0,0.484,74,0.179,48.88
1,zone_003,27,monsoon,0.554,16,5.1,1000,1,0.74,45,0.339,53.87
1,zone_006,9,winter,0.109,14,5.7,1000,0,0.605,321,0.195,41.22
1,zone_003,32,monsoon,0.647,6,9.6,1500,1,0.688,77,0.335,61.35
2,zone_004,25,monsoon,0.52,10,7.7,2500,0,0.91,6,0.248,79.0
2,zone_001,44,spring,0.132,8,5.9,1500,1,0.653,103,0.178,44.68
3,zone_003,2,winter,0.087,10,4.3,1500,1,0.903,385,0.319,35.69
1,zone_001,31,monsoon,0.45,18,11.7,2500,0,0.67,414,0.106,79.0
3,zone_001,36,monsoon,0.452,22,11.9,1000,1,0.787,252,0.113,39.54
3,zone_002,37,monsoon,0.615,16,5.7,2000,0,0.822,13,0.236,76.43
2,zone_003,7,winter,0.193,8,6.0,2500,0,0.931,213,0.359,64.75
3,zone_006,48,winter,0.146,18,7.4,2000,1,0.758,89,0.136,55.68
2,zone_001,38,monsoon,0.597,6,5.2,1000,1,0.507,28,0.149,41.17
1,zone_001,21,summer,0.154,6,7.9,1000,2,0.83,730,0.118,37.61
1,zone_004,20,summer,0.265,14,6.1,1000,1,0.98,87,0.184,45.89
2,zone_004,48,winter,0.086,6,8.5,1500,1,0.832,232,0.197,42.67
2,zone_001,37,monsoon,0.745,6,4.2,500,0,0.674,75,0.194,26.68
3,zone_002,13,summer,0.308,6,8.6,2500,0,0.513,36,0.263,66.37
3,zone_001,5,winter,0.084,6,11.6,2000,1,0.642,730,0.18,53.91
1,zone_004,30,monsoon,0.449,6,5.7,1500,1,0.851,49,0.245,59.44
3,zone_006,46,spring,0.132,8,6.5,2500,2,0.734,19,0.162,71.16
2,zone_004,32,monsoon,0.53,10,9.4,2000,0,0.833,30,0.188,65.52
3,zone_006,5,winter,0.156,8,8.2,2000,0,0.803,238,0.151,54.38
1,zone_006,18,summer,0.206,8,5.8,2000,0,0.661,198,0.206,73.73
3,zone_002,52,winter,0.162,22,8.8,2000,0,0.81,71,0.243,60.23
1,zone_003,2,winter,0.097,6,8.7,1000,0,0.884,56,0.397,33.93
2,zone_002,46,spring,0.128,18,4.1,2000,1,0.376,280,0.222,60.77
3,zone_001,50,winter,0.074,8,5.0,1500,1,0.752,407,0.107,39.09
2,zone_003,19,summer,0.212,8,6.4,2000,2,0.937,73,0.364,65.68
2,zone_005,52,winter,0.127,8,9.4,2500,1,0.609,221,0.251,70.42
2,zone_002,29,monsoon,0.736,8,11.4,1500,1,0.789,364,0.252,53.66
3,zone_003,40,spring,0.107,14,8.7,1000,0,0.874,95,0.393,30.94
1,zone_002,49,winter,0.162,14,7.3,2500,1,0.501,412,0.234,79.0
1,zone_001,18,summer,0.306,8,11.6,1000,2,0.674,242,0.109,41.34
2,zone_001,41,spring,0.211,8,6.9,1500,0,0.269,231,0.169,43.36
3,zone_006,34,monsoon,0.698,16,9.2,1000,1,0.666,362,0.185,45.21
2,zone_006,1,winter,0.065,6,8.7,1000,0,0.547,101,0.205,28.95
1,zone_003,50,winter,0.123,16,11.3,1000,1,0.662,46,0.394,43.23
3,zone_006,34,monsoon,0.728,8,6.8,1000,1,0.862,170,0.207,35.4
2,zone_002,34,monsoon,0.454,6,5.2,1500,0,0.848,484,0.202,46.65
1,zone_005,33,monsoon,0.635,8,10.8,1500,1,0.658,424,0.346,62.12
3,zone_006,32,monsoon,0.618,6,6.8,2500,0,0.607,165,0.149,79.0
3,zone_006,26,monsoon,0.475,10,10.0,1000,0,0.777,694,0.199,32.4
2,zone_001,9,winter,0.184,14,9.9,1000,0,0.503,339,0.111,39.93
2,zone_004,24,monsoon,0.617,8,6.6,1000,0,0.37,224,0.223,40.17
1,zone_005,45,spring,0.142,6,7.3,1500,1,0.82,167,0.285,51.03
2,zone_003,41,spring,0.177,14,9.3,1000,0,0.893,37,0.376,37.28
3,zone_003,34,monsoon,0.744,6,4.9,500,1,0.308,37,0.335,26.83
1,zone_006,51,winter,0.196,8,5.1,1500,1,0.713,314,0.153,54.46
3,zone_003,39,spring,0.109,10,10.5,500,0,0.849,126,0.389,19.0
3,zone_002,14,summer,0.279,10,10.9,2500,0,0.836,16,0.216,63.15
2,zone_001,49,winter,0.197,14,11.0,1500,2,0.962,86,0.176,53.67
1,zone_003,40,spring,0.232,10,5.7,2500,1,0.852,143,0.343,79.0
2,zone_005,12,winter,0.173,18,6.4,2500,0,0.841,353,0.323,65.9
3,zone_003,13,summer,0.33,8,8.0,1500,0,0.709,134,0.38,40.88
3,zone_003,39,spring,0.203,14,7.6,1500,0,0.699,2,0.322,44.15
3,zone_003,48,winter,0.172,6,8.0,2000,0,0.629,212,0.315,52.39
1,zone_001,31,monsoon,0.491,8,9.2,1500,2,0.77,435,0.141,60.64
1,zone_002,27,monsoon,0.665,14,7.5,2000,2,0.816,730,0.281,79.0
2,zone_002,52,winter,0.158,8,10.8,1500,2,0.943,8,0.283,44.19
2,zone_002,47,spring,0.169,22,10.2,2500,3,0.794,223,0.23,79.0
3,zone_005,47,spring,0.151,10,11.4,2500,0,0.707,2,0.326,60.04
1,zone_005,52,winter,0.166,6,4.3,1500,0,0.534,189,0.331,50.2
2,zone_004,41,spring,0.192,8,8.9,1500,2,0.819,293,0.221,43.27
2,zone_005,40,spring,0.249,18,4.2,2000,1,0.428,77,0.292,64.49
3,zone_005,37,monsoon,0.794,16,12.0,1000,0,0.868,151,0.291,42.72
2,zone_002,22,summer,0.223,6,10.8,2500,2,0.64,144,0.269,75.68
3,zone_005,15,summer,0.234,18,8.5,1000,0,0.689,41,0.286,28.27
1,zone_003,9,winter,0.098,14,11.6,1500,2,0.922,5,0.399,59.41
3,zone_006,41,spring,0.109,8,10.9,1000,0,0.879,144,0.188,26.46
2,zone_005,52,winter,0.116,6,9.1,2000,1,0.922,212,0.278,57.76
3,zone_002,16,summer,0.255,14,10.0,1000,3,0.696,24,0.24,40.25
3,zone_002,41,spring,0.152,6,6.8,1500,0,0.756,240,0.234,36.96
1,zone_001,13,summer,0.176,6,5.6,500,3,0.843,179,0.193,28.01
2,zone_004,50,winter,0.068,8,5.5,500,0,0.921,666,0.208,19.0
1,zone_003,34,monsoon,0.735,8,6.8,500,1,0.604,30,0.344,31.69
1,zone_001,40,spring,0.198,8,5.5,1500,1,0.522,56,0.175,51.32
1,zone_003,48,winter,0.182,22,9.7,1500,1,0.768,458,0.372,56.32
1,zone_004,15,summer,0.347,16,10.3,1000,1,0.585,98,0.2,52.76
1,zone_001,47,spring,0.126,6,5.5,2000,0,0.581,23,0.179,67.07
1,zone_004,36,monsoon,0.782,8,10.6,1000,2,0.729,206,0.249,48.86
2,zone_006,30,monsoon,0.766,10,8.3,1500,0,0.816,73,0.183,50.16
3,zone_003,34,monsoon,0.717,8,11.9,1000,0,0.432,22,0.353,37.05
1,zone_005,29,monsoon,0.629,6,6.5,2000,1,0.854,518,0.275,79.0
3,zone_006,19,summer,0.171,22,6.0,1000,1,0.872,257,0.133,33.27
3,zone_006,27,monsoon,0.562,18,6.8,1500,1,0.56,268,0.157,45.73
2,zone_004,13,summer,0.329,22,11.0,1500,0,0.681,520,0.196,50.88
2,zone_006,43,spring,0.181,8,11.8,1000,1,0.912,52,0.134,31.9
1,zone_006,16,summer,0.285,6,5.0,500,1,0.623,137,0.212,27.71
3,zone_001,36,monsoon,0.485,10,7.9,2000,0,0.613,105,0.171,62.12
3,zone_003,2,winter,0.101,8,6.9,1000,2,0.296,276,0.32,31.92
3,zone_001,37,monsoon,0.673,10,10.7,1000,1,0.705,107,0.112,36.11
1,zone_005,26,monsoon,0.554,14,10.2,1500,0,0.686,44,0.308,69.46
2,zone_002,28,monsoon,0.747,8,5.6,1000,1,0.815,100,0.259,42.08
1,zone_004,29,monsoon,0.539,6,9.2,500,0,0.457,572,0.179,30.44
1,zone_004,15,summer,0.199,14,6.6,1500,1,0.644,3,0.175,61.74
1,zone_003,22,summer,0.266,18,7.1,2500,3,0.727,636,0.372,79.0
3,zone_005,5,winter,0.118,8,8.6,500,1,0.77,187,0.289,19.0
3,zone_003,28,monsoon,0.643,6,8.0,2000,2,0.697,437,0.364,74.11
1,zone_001,47,spring,0.15,10,8.3,1500,2,0.833,130,0.155,50.87
2,zone_005,27,monsoon,0.626,6,10.4,1000,0,0.648,271,0.305,36.9
2,zone_001,5,winter,0.165,14,11.9,1000,0,0.62,92,0.118,39.19
1,zone_004,40,spring,0.147,8,9.2,1000,1,0.71,52,0.159,36.28
3,zone_003,2,winter,0.095,14,4.1,1000,1,0.899,199,0.354,31.64
2,zone_002,4,winter,0.071,14,5.9,1500,0,0.74,192,0.214,49.5
3,zone_005,32,monsoon,0.673,8,5.8,1000,0,0.607,525,0.271,35.42
1,zone_003,18,summer,0.264,14,6.9,500,1,0.826,27,0.347,31.04
2,zone_006,34,monsoon,0.594,10,6.1,2500,0,0.73,116,0.165,79.0
2,zone_002,35,monsoon,0.483,14,9.9,1500,2,0.681,542,0.279,60.68
1,zone_006,25,monsoon,0.433,14,5.8,500,0,0.703,93,0.204,32.22
2,zone_001,33,monsoon,0.572,22,9.5,1000,1,0.877,406,0.139,42.38
3,zone_004,39,spring,0.146,22,9.7,1000,0,0.642,298,0.201,30.75
2,zone_005,18,summer,0.193,10,11.8,500,0,0.794,488,0.27,20.27
2,zone_004,50,winter,0.115,6,7.9,1500,2,0.807,155,0.236,42.1
1,zone_002,20,summer,0.323,18,11.9,2500,0,0.865,193,0.292,79.0
1,zone_002,35,monsoon,0.55,10,7.5,500,2,0.844,63,0.203,30.31
1,zone_001,29,monsoon,0.656,18,10.3,1000,2,0.583,70,0.118,50.85
1,zone_003,38,monsoon,0.4,14,6.9,2000,0,0.46,663,0.394,79.0
3,zone_003,33,monsoon,0.615,14,9.6,2000,2,0.657,307,0.39,79.0
2,zone_003,25,monsoon,0.527,14,11.9,2000,0,0.362,81,0.354,79.0
2,zone_002,17,summer,0.208,14,4.2,1000,0,0.881,432,0.298,34.91
2,zone_004,41,spring,0.142,8,9.1,1000,1,0.895,87,0.184,30.54
1,zone_004,42,spring,0.208,16,7.2,1500,0,0.886,289,0.21,60.73
1,zone_006,15,summer,0.327,6,5.1,500,1,0.55,41,0.192,28.19
2,zone_001,33,monsoon,0.737,14,10.6,1000,1,0.68,125,0.19,47.66
3,zone_005,40,spring,0.221,18,7.4,1000,1,0.617,43,0.343,29.92
2,zone_002,11,winter,0.098,8,10.0,1500,1,0.714,131,0.236,41.43
2,zone_002,30,monsoon,0.684,18,8.5,1500,0,0.582,181,0.272,52.25
1,zone_003,28,monsoon,0.783,18,7.8,1500,1,0.771,44,0.399,65.46
2,zone_001,6,winter,0.184,8,5.5,1000,3,0.959,165,0.108,34.82
2,zone_001,34,monsoon,0.753,8,7.1,1500,1,0.692,40,0.133,55.78
3,zone_003,9,winter,0.156,8,10.0,1500,1,0.948,53,0.307,38.2
3,zone_001,29,monsoon,0.659,8,8.5,2000,1,0.948,150,0.129,67.94
1,zone_003,9,winter,0.172,14,4.5,2500,1,0.698,532,0.379,79.0
1,zone_006,48,winter,0.093,14,8.3,1500,0,0.732,222,0.194,55.22
1,zone_002,6,winter,0.109,16,11.5,1500,1,0.905,72,0.249,56.4
3,zone_004,46,spring,0.118,6,11.6,2000,1,0.578,21,0.198,53.34
2,zone_002,42,spring,0.237,8,9.1,2000,2,0.644,191,0.243,64.73
1,zone_002,48,winter,0.149,10,10.4,500,0,0.825,203,0.248,24.38
2,zone_001,50,winter,0.136,22,11.8,1500,1,0.661,253,0.134,50.45
